StudentID,Country,Marital_Status,Longest_Absence_From_School,Gender,Filed_for_Bankrupcy,LongTermPlannerScore ,DecisionStyle,PowerOrientedScore,CommunityOrientedScore
1,USA,1,1,Male,No,0.9560038080617232,Emotional,0.7679668992778341,0.18949131483259407
2,USA,0,6,Female,Yes,0.6015886863904688,Analytical,1.0,0.5298153970892708
3,USA,1,4,Male,No,0.6552541695095635,Emotional,0.5895385940890185,0.5895385940890185
4,USA,0,5,Male,No,0.84127792878855,Emotional,0.80570186513643,0.061537876658803725
5,USA,0,2,Female,No,0.7388508127942259,Emotional,0.41543313370842716,0.24125686897241394
6,USA,1,5,Male,No,0.8685275141075366,Emotional,0.8384544543404893,0.8384544543404893
7,USA,1,5,Male,Yes,0.9626127819148466,Analytical,1.0,0.39973766235561925
8,USA,0,0,Male,No,0.9926894118034397,Emotional,0.6837443921532329,0.3552487437655145
9,USA,0,9,Female,No,0.7086766893205864,Emotional,0.6502197915886941,0.3468423608555895
10,USA,1,0,Female,No,0.7128651711691418,Emotional,0.44244667469420174,0.026813259639311582
11,USA,1,9,Female,No,0.7329331708569953,Emotional,0.6671106081454673,0.052455180163633486
12,USA,0,3,Male,No,0.7188072416272403,Emotional,0.6618591156740353,0.1186757036130075
13,USA,0,4,Male,No,0.5895897106969311,Emotional,0.5166392172847386,0.3975908799093304
14,USA,1,6,Male,No,0.8280118537250303,Emotional,0.25898254384315583,0.25898254384315583
15,USA,1,5,Male,No,0.580789127314617,Emotional,0.5070176720956984,0.5070176720956984
16,USA,1,4,Male,No,0.8661825281333222,Emotional,0.5602698394368907,0.32876211097209307
17,USA,0,4,Female,No,0.8478582826101047,Emotional,0.8015750025433468,0.1924627485923338
18,USA,1,7,Female,No,0.9284612726987689,Emotional,0.47756933644277527,0.03756800415706607
19,USA,0,4,Male,No,0.9371462201888789,Emotional,0.7924013023747506,0.6470712700202057
20,Belize,0,5,Male,No,0.9010894484154051,Emotional,0.44604702273981867,0.44604702273981867
21,USA,1,0,Male,No,0.825819131447531,Emotional,0.7872382273257219,0.43451191547956114
22,USA,1,5,Female,No,0.7518345477010371,Emotional,0.5912551024977802,0.4328194412199432
23,USA,0,4,Male,No,0.5610663337811034,Emotional,0.6977952150173042,0.32673855075199754
24,USA,1,5,Female,No,0.6147035346687396,Emotional,0.5442922342427101,0.3576093273477454
25,USA,0,7,Male,No,0.6467984592355346,Emotional,0.5800443767269163,0.16777699501199095
26,USA,1,3,Female,No,0.5424446010520917,Emotional,0.4655263184578222,0.07492565260690753
27,USA,1,9,Female,No,0.532905234647842,Emotional,0.25115739434261314,0.10236864513080945
28,USA,0,4,Male,No,0.5628611804425231,Emotional,0.726690751619517,0.41158530301891005
29,USA,0,2,Female,No,0.8763515026721507,Emotional,0.23576211183647555,0.23576211183647555
30,USA,1,2,Female,No,0.6352380505191737,Emotional,0.5911751122035094,0.1751128806063207
31,USA,0,3,Male,No,0.953257390431645,Emotional,0.7647543639740265,0.7647543639740265
32,USA,0,0,Male,No,0.5453010903805349,Emotional,0.7327965816578763,0.34134779234682355
33,USA,0,8,Male,Yes,0.7920226290057492,Analytical,1.0,0.09631178732888657
34,USA,0,8,Female,No,0.6818893359304261,Emotional,0.6196441775174711,0.0624941039868645
35,USA,1,3,Male,No,0.6493775571583851,Emotional,0.5829369627766247,0.3224077789163857
36,USA,1,7,Male,No,0.7664636321396756,Emotional,0.5767891942058749,0.49455102691354114
37,USA,0,7,Female,No,0.7932110256742163,Emotional,0.7485760495074237,0.6724711338565612
38,USA,1,8,Male,No,0.20067996971938884,Emotional,0.13431670629809028,0.13431670629809028
39,USA,0,9,Male,No,0.7343267493998179,Emotional,0.6797695172813668,0.27436185400165414
40,USA,0,1,Male,No,0.9723222867769437,Emotional,0.5710378855001363,0.394608028116636
41,USA,0,7,Female,No,0.6310461348215769,Emotional,0.562440245024116,0.2882466997489246
42,USA,0,8,Female,No,0.8280285968955118,Emotional,0.7898719108354816,0.7633629432830276
43,USA,1,3,Female,No,0.4945509309400222,Emotional,0.6520908884757955,0.3525840296004344
44,USA,0,9,Male,No,0.4383678413240691,Emotional,0.3566960979957344,0.3566960979957344
45,USA,1,4,Male,No,0.9126444768303372,Emotional,0.7618836965528454,0.7618836965528454
46,USA,0,1,Male,No,0.7505020911440918,Emotional,0.6985377537666757,0.6310882325933562
47,USA,1,5,Female,No,0.6746832888575227,Emotional,0.25648078937708557,0.036986479124607285
48,USA,1,3,Male,No,0.7050599044232513,Emotional,0.6980838074920759,0.12572400959122648
49,USA,1,2,Female,No,0.4894057323974678,Emotional,0.7487378476082267,0.4093420073138434
50,USA,1,0,Male,No,0.5787410674644518,Emotional,0.5538619037883655,0.12643837635278032
51,USA,1,6,Female,No,0.7647734640224383,Emotional,0.7357577703148673,0.7151810739378511
52,USA,1,7,Female,No,0.16686285232890508,Emotional,0.3523840269239372,0.10664722976779883
53,USA,0,2,Male,No,0.9814023837825516,Emotional,0.3388133316893136,0.13446928469420527
54,USA,0,0,Female,No,0.8477842454731217,Emotional,0.44063566052589076,0.44063566052589076
55,USA,0,7,Female,No,0.3478111468719952,Emotional,0.2671033718843896,0.00833300620161026
56,USA,0,3,Male,No,0.893628302349498,Emotional,0.27953428727988755,0.27953428727988755
57,USA,1,5,Female,No,0.8149788612809061,Emotional,0.568991731016713,0.2264162017328296
58,USA,1,6,Male,No,0.7986430330965959,Emotional,0.311453682519075,0.311453682519075
59,USA,1,0,Female,Yes,0.7183200759636748,Analytical,0.8797579636341653,0.08038402812417189
60,USA,1,6,Female,No,0.6760995319462897,Emotional,0.6130745585641448,0.4508269435091279
61,USA,1,9,Male,No,0.9573595887086412,Emotional,0.5309261160570174,0.13276478629995836
62,USA,1,3,Male,No,0.7411156507832716,Emotional,0.6876342196487891,0.6876342196487891
63,USA,1,2,Female,No,0.6515894836165899,Emotional,0.5526837051821349,0.3621311236602196
64,USA,0,4,Female,No,0.30196057305875,Emotional,0.6537721092254561,0.13067400475392787
65,USA,1,0,Female,No,0.6094966290274897,Emotional,0.5098376805432964,0.3260029327193479
66,USA,0,2,Female,Yes,0.9885157078787317,Analytical,1.0,0.36530844305434584
67,USA,1,5,Female,No,0.30305251433932096,Emotional,0.33199196342291093,0.22485231562221286
68,USA,0,0,Male,No,0.9951137431016832,Emotional,0.8243530024438013,0.009631128747969342
69,USA,0,5,Male,No,0.7833801410288013,Emotional,0.7369969613937921,0.26084265700956166
70,USA,1,5,Female,No,0.741744810756245,Emotional,0.7170404981568572,0.5895750213161011
71,USA,1,7,Female,No,0.803444483106432,Emotional,0.49610989251404014,0.41213259321648366
72,USA,1,9,Male,No,0.7867024426839772,Emotional,0.7409060196249119,0.5067943051817565
73,USA,0,0,Male,No,0.8447681638508584,Emotional,0.6138529215452692,0.3460188391181873
74,USA,0,8,Male,No,0.5211007381290461,Emotional,0.44274341484553975,0.44274341484553975
75,USA,1,1,Male,No,0.7543952815385921,Emotional,0.6814368973180377,0.6814368973180377
76,USA,1,8,Male,No,0.9547764873950655,Emotional,0.4134809434814086,0.4134809434814086
77,USA,1,1,Male,No,0.8698150665310166,Emotional,0.8400084552525787,0.8400084552525787
78,USA,1,8,Female,No,0.5713464103537262,Emotional,0.4592560667212988,0.4592560667212988
79,USA,0,7,Female,No,0.6356409238904388,Emotional,0.6317733573902298,0.061257598263182444
80,USA,0,4,Female,No,0.757454043989128,Emotional,0.7447028738981863,0.40461722186137195
81,USA,1,3,Male,No,0.7067917036409769,Emotional,0.6558544126542984,0.04346897222967527
82,USA,1,4,Male,No,0.5794208068781663,Emotional,0.6922243916906156,0.3976910526589563
83,USA,1,6,Female,No,0.9676965204425869,Emotional,0.8729264231734596,0.11364755893009715
84,USA,1,9,Female,Yes,0.9090237182069442,Analytical,0.966130379705519,0.8716234738085404
85,USA,1,7,Male,No,0.6059329871040973,Emotional,0.42327803797147795,0.2688690678851344
86,USA,1,6,Female,No,0.42543789347904315,Emotional,0.3435937157011707,0.13027793563742307
87,USA,1,5,Male,No,0.33841793545301163,Emotional,0.25811706287720343,0.25811706287720343
88,USA,0,9,Female,No,0.4081140313637661,Emotional,0.0791475002449195,0.03655173283732438
89,USA,0,5,Male,No,0.5255739871827245,Emotional,0.18414327492891508,0.18414327492891508
90,USA,0,2,Female,No,0.7894734710300653,Emotional,0.7441696022488663,0.3363205443984043
91,USA,0,3,Male,No,0.5732062774503416,Emotional,0.5366676510208072,0.4987566191562544
92,USA,0,3,Female,No,0.8167245512896568,Emotional,0.7764160664605965,0.6350244295181255
93,USA,0,2,Female,No,0.5108954576097428,Emotional,0.4319316732358322,0.4319316732358322
94,USA,0,5,Female,No,0.8088324549678141,Emotional,0.7670491828826789,0.6646930185770543
95,USA,0,9,Male,Yes,0.9406560985053147,Analytical,0.8636657636585188,0.7585541212574753
96,USA,1,0,Male,No,0.7794465699771536,Emotional,0.7294925153083908,0.2940591666074397
97,USA,1,8,Female,Yes,0.9571553679975608,Analytical,1.0,0.7890761555281642
98,USA,0,6,Male,No,0.46245658817497315,Emotional,0.30178880407047676,0.07992620548884588
99,USA,1,8,Female,No,0.48845984287842065,Emotional,0.5522824318008862,0.07524061706044449
100,USA,1,1,Female,No,0.7887036825828502,Emotional,0.7432626950737169,0.06075735476497357
101,USA,0,8,Male,No,0.5748937396893992,Emotional,0.5005926563675565,0.18331602681428194
102,USA,0,0,Male,No,0.3560521110739501,Emotional,0.5635770876368771,0.21278490094384828
103,USA,0,6,Male,No,0.28700096755051757,Emotional,0.21006524312573904,0.21006524312573904
104,USA,0,6,Female,No,0.7959527709595735,Emotional,0.7518117755527833,0.39624050183010695
105,USA,0,5,Male,No,0.7179929982912654,Emotional,0.6781452578693098,0.5230541528565449
106,USA,0,1,Male,No,0.7906144004491034,Emotional,0.745514166609399,0.12803160930707236
107,USA,1,6,Female,No,0.8168662162242981,Emotional,0.5028710967483166,0.3991994961606906
108,USA,1,3,Male,No,0.6782839017517907,Emotional,0.6155514903803709,0.37736891372514947
109,USA,0,1,Female,No,0.4859232297289536,Emotional,0.6941543485133116,0.4057042679539539
110,USA,1,0,Male,No,0.7078258283845571,Emotional,0.4260809119753204,0.4260809119753204
111,USA,1,0,Male,No,0.6006344731649733,Emotional,0.21807795663032722,0.15913756986739946
112,USA,1,4,Female,No,0.6186282336510642,Emotional,0.5895105053911176,0.4267103722340835
113,USA,1,5,Female,No,0.7325614426420543,Emotional,0.6777274411396691,0.6777274411396691
114,USA,0,0,Male,No,0.8667246331755268,Emotional,0.8362794496766461,0.19881386699489667
115,USA,1,7,Male,No,0.8817694010785999,Emotional,0.5635082376068457,0.10407901151302212
116,USA,1,7,Female,No,0.5855940233013971,Emotional,0.5122663096544477,0.5122663096544477
117,USA,1,1,Male,No,0.7310282732891131,Emotional,0.7193763470970045,0.6204056703190872
118,USA,1,0,Male,No,0.7841301286555281,Emotional,0.7378790438981618,0.6246718403781415
119,USA,0,0,Male,No,0.7554334276061594,Emotional,0.7042798252917385,0.7042798252917385
120,USA,1,2,Female,No,0.7534487295024042,Emotional,0.7019677031318551,0.021345605486203567
121,USA,1,1,Female,No,0.5484462460687533,Emotional,0.5048271353844666,0.47197346782631916
122,USA,1,3,Male,Yes,0.9877862208250008,Analytical,1.0,0.014222032591533207
123,USA,1,4,Male,No,0.22992073004934355,Emotional,0.23084861176288532,0.14581818286009202
124,USA,0,0,Male,No,0.6592087461353382,Emotional,0.5939894083490802,0.2229175307084006
125,USA,0,3,Male,No,0.8608345098653384,Emotional,0.8291814663590177,0.6753921059607819
126,USA,1,9,Male,Yes,0.8197588381692889,Analytical,1.0,0.07371335673906287
127,USA,0,9,Female,No,0.45273062287298305,Emotional,0.3713640326646354,0.07638615741234389
128,USA,1,8,Female,No,0.9537729588910224,Emotional,0.7317343653212448,0.16014671806442493
129,USA,0,9,Female,No,0.8345188645561387,Emotional,0.7976184626108983,0.6342104012119307
130,USA,1,3,Male,No,0.8507866310428653,Emotional,0.6630108188229993,0.6630108188229993
131,USA,0,7,Female,No,0.5107345512233775,Emotional,0.4375731477315731,0.43176163397609124
132,USA,1,4,Female,No,0.5713633267723488,Emotional,0.49675294662885905,0.1478409788269346
133,USA,0,2,Male,No,0.4422878288150969,Emotional,0.47154897928266115,0.29120041665999413
134,USA,1,1,Female,No,0.8239529913775795,Emotional,0.7850151594390504,0.7850151594390504
135,USA,1,3,Female,No,0.8282391206110499,Emotional,0.7901229469326845,0.3796294092780954
136,USA,1,7,Male,Yes,0.7026019361152805,Analytical,0.9090895479045322,0.24306275874278072
137,USA,1,0,Female,No,0.6693329782902908,Emotional,0.6054144454961607,0.6054144454961607
138,USA,1,2,Male,No,0.5672762124824082,Emotional,0.5057398460331479,0.4923151674659433
139,USA,0,0,Male,No,0.6916142144042741,Emotional,0.7214178699882178,0.12358590243911749
140,USA,0,2,Male,No,0.7432512209093807,Emotional,0.6901119362818647,0.6405016038806934
141,USA,1,8,Female,No,0.7122154068192685,Emotional,0.5431840357803909,0.32805642005951086
142,USA,0,4,Female,No,0.7583992980089533,Emotional,0.639352416028884,0.43286551339149565
143,USA,0,4,Male,No,0.9564485768578379,Emotional,0.738835272965595,0.738835272965595
144,USA,1,9,Male,No,0.4005978856692001,Emotional,0.31870275372832935,0.31870275372832935
145,USA,0,5,Female,Yes,0.9457480787408292,Analytical,1.0,0.9326513745592099
146,USA,1,6,Male,No,0.375337738260896,Emotional,0.2850984962345558,0.2850984962345558
147,USA,1,8,Male,No,0.5796450362185928,Emotional,0.5057695179225701,0.4426446005836624
148,USA,1,1,Male,Yes,0.8509017272791605,Analytical,0.8450000188943705,0.1721587334650394
149,USA,1,9,Female,No,0.870596208711504,Emotional,0.3988398505334743,0.3918559603507674
150,USA,1,5,Female,No,0.5658509089445428,Emotional,0.7671987496355723,0.03123791728830838
151,USA,1,4,Male,No,0.6674847062695335,Emotional,0.7084867500492874,0.23412014508812717
152,USA,1,8,Female,No,0.7714545202928507,Emotional,0.722999355467971,0.722999355467971
153,USA,1,4,Female,No,0.861749755921524,Emotional,0.8302836031383378,0.24429117517775012
154,USA,0,0,Female,No,0.7988798581772414,Emotional,0.7552693131368879,0.7552693131368879
155,USA,0,4,Male,No,0.6851724198769826,Emotional,0.6233756604266344,0.6233756604266344
156,USA,0,9,Female,No,0.8944961314291504,Emotional,0.7480523778303543,0.03966203802883683
157,USA,1,2,Male,No,0.6538488842769524,Emotional,0.6468733767802496,0.5879585818904624
158,USA,1,6,Female,No,0.7976690564606418,Emotional,0.7538387036802237,0.515958510190103
159,USA,0,9,Female,Yes,0.9076856383962877,Analytical,0.9878947349162627,0.5214404869193459
160,USA,0,4,Female,No,0.2537861796160172,Emotional,0.23624704263272636,0.18012954837305126
161,USA,0,6,Male,No,0.7791569479229138,Emotional,0.7320338852449385,0.7320338852449385
162,USA,0,6,Male,Yes,0.7971440932269176,Emotional,0.7532186077902137,0.7532186077902137
163,USA,1,7,Male,No,0.7350810885824917,Emotional,0.6855974807961138,0.6553775202928591
164,USA,1,6,Female,No,0.8015761433311185,Emotional,0.7584570262637392,0.2538845996505188
165,USA,0,1,Female,No,0.9818426701740464,Emotional,0.8550755058146655,0.5770574306952767
166,USA,0,1,Female,No,0.6564463420472748,Emotional,0.33630660079177793,0.33630660079177793
167,USA,0,1,Male,No,0.8216622002591976,Emotional,0.6541029756456919,0.044905005423061084
168,USA,0,6,Female,No,0.7153246989128303,Emotional,0.6578532520224569,0.5287422303581479
169,USA,1,0,Female,No,0.717393844835608,Emotional,0.6602327417040681,0.6602327417040681
170,USA,1,0,Female,Yes,0.6992904837074037,Analytical,1.0,0.5478197730999455
171,USA,1,5,Female,No,0.7145797324945375,Emotional,0.6569969717088929,0.22289776922480087
172,USA,0,6,Female,No,0.729906120497106,Emotional,0.6746581276552134,0.5896257924132442
173,USA,0,1,Female,No,0.42831812739377556,Emotional,0.6587313183325751,0.06185504633867822
174,USA,0,6,Male,No,0.9843633988139118,Emotional,0.6480464970097092,0.24359041156276362
175,USA,0,4,Female,No,0.9592420669541752,Emotional,0.5527556880768224,0.29297528874940326
176,USA,1,7,Female,No,0.49369956748804866,Emotional,0.4138361579528867,0.3350201269149693
177,USA,0,7,Male,No,0.6101385285877234,Emotional,0.539244299765702,0.48356904424235836
178,USA,0,4,Female,No,0.86696853395634,Emotional,0.8365736267099135,0.7850320811230631
179,USA,1,9,Female,Yes,0.7547157181534203,Analytical,0.9946705981298328,0.5300138102957135
180,USA,0,5,Male,No,0.6100722393300609,Emotional,0.5391710671775638,0.4103316909140631
181,USA,0,7,Male,No,0.4126158420969403,Emotional,0.7185012995167744,0.09156957948198396
182,USA,0,7,Male,No,0.5820815603437031,Emotional,0.508428400469676,0.508428400469676
183,USA,0,2,Female,No,0.8338996662769205,Emotional,0.4757975834472339,0.4757975834472339
184,USA,0,6,Female,No,0.8124594605404618,Emotional,0.771351138973254,0.14398667322893743
185,USA,1,9,Female,No,0.6240157515421743,Emotional,0.259621672953868,0.259621672953868
186,USA,1,9,Female,No,0.6465010152652082,Emotional,0.5797109637815117,0.5797109637815117
187,USA,0,3,Female,No,0.4628451302483993,Emotional,0.38176369321333486,0.38176369321333486
188,USA,0,7,Female,No,0.6054253746181528,Emotional,0.5340424430392023,0.5340424430392023
189,USA,1,4,Female,No,0.6122095439113764,Emotional,0.7344392607585178,0.35256642095645885
190,USA,1,7,Male,No,0.5943097474785854,Emotional,0.5218144083313361,0.08787924456919427
191,USA,1,7,Female,No,0.8267525144401588,Emotional,0.7453034254462418,0.3925265610550923
192,USA,1,1,Female,No,0.9027097293501356,Emotional,0.3560689909772782,0.17545443851029044
193,USA,1,7,Female,No,0.5176441815199293,Emotional,0.5677972130884155,0.43907546603695374
194,USA,1,6,Female,No,0.8462343940545907,Emotional,0.7016396491335763,0.5536518838897819
195,USA,1,3,Male,No,0.6886555289854672,Emotional,0.6942510483249831,0.6273393770005907
196,USA,1,5,Female,No,0.6490980236680659,Emotional,0.7565901152211701,0.32990431471262127
197,USA,0,7,Female,No,0.7546233339669922,Emotional,0.7033359034176538,0.5690002997307602
198,USA,1,5,Male,No,0.7711112372786098,Emotional,0.7225972261382598,0.46926183267714805
199,USA,0,2,Male,No,0.7916010202136269,Emotional,0.7466772710753827,0.7466772710753827
200,USA,0,8,Female,No,0.41685895195604683,Emotional,0.33495496169781974,0.040383240699156886
201,USA,1,1,Male,No,0.7071233954666241,Emotional,0.4175272752251164,0.4175272752251164
202,USA,0,0,Female,No,0.47057123530066747,Emotional,0.31805899927989045,0.2679417003263298
203,USA,0,2,Male,No,0.8763124421866451,Emotional,0.7217184614140485,0.7217184614140485
204,USA,0,4,Male,No,0.8966270495002391,Emotional,0.7924026617843571,0.7924026617843571
205,USA,1,0,Male,No,0.833372149504612,Emotional,0.18574460695758868,0.12689182792746578
206,USA,0,0,Female,No,0.6450450805747675,Emotional,0.5780795209174855,0.5780795209174855
207,USA,1,1,Female,No,0.7892146137592135,Emotional,0.7027380815152174,0.15207282000301348
208,USA,1,6,Male,No,0.5241499076381061,Emotional,0.6540249109648448,0.4459841167027367
209,USA,1,0,Female,No,0.8953883882095397,Emotional,0.6779770220222822,0.6124041219081846
210,USA,0,3,Female,No,0.7573489542640687,Emotional,0.7065128051574999,0.2137232382528964
211,USA,1,5,Female,Yes,0.5532908332440772,Emotional,0.6195639812218087,0.4771905601032756
212,USA,1,5,Female,No,0.6702151935969596,Emotional,0.2379079750788916,0.2379079750788916
213,USA,1,4,Male,No,0.8845106238661308,Emotional,0.8577857297788383,0.20172381953852891
214,USA,1,0,Male,No,0.3694365641058065,Emotional,0.4484616720197119,0.28802145873660917
215,USA,1,7,Male,No,0.7243963421506123,Emotional,0.48894754173452887,0.48894754173452887
216,USA,1,2,Female,No,0.8733498496475915,Emotional,0.8442776881704095,0.7910765126816841
217,USA,0,4,Male,No,0.8025334617111015,Emotional,0.7595894720399495,0.15148681131631747
218,USA,0,4,Male,No,0.8643750234741674,Emotional,0.32563532008843143,0.25042847892254777
219,USA,1,6,Female,Yes,0.9789856277838062,Analytical,1.0,0.31005684323736205
220,USA,1,5,Female,No,0.4912597689417453,Emotional,0.5019408643578118,0.13654707655769016
221,USA,0,3,Female,No,0.4971631728922148,Emotional,0.3090068576803716,0.3090068576803716
222,USA,0,2,Male,No,0.8379914953412961,Emotional,0.8017694677467191,0.07391509350327397
223,USA,0,6,Female,No,0.37373753136662524,Emotional,0.2922189600145618,0.2922189600145618
224,USA,1,1,Female,No,0.9090462116928393,Emotional,0.6796247746796146,0.29881771460441087
225,USA,0,4,Male,No,0.8309063937186818,Emotional,0.7933048803273517,0.12741255266519147
226,USA,0,0,Female,No,0.6421843599018757,Emotional,0.6047972546691928,0.5218090708881863
227,USA,1,0,Male,Yes,0.6518274847987469,Analytical,0.9994697274724786,0.42540001308864817
228,USA,0,6,Female,No,0.5364159246628333,Emotional,0.5903751249331587,0.20992598157499742
229,USA,1,1,Male,No,0.6967235125004878,Emotional,0.6365398299616802,0.5108608876798826
230,USA,1,8,Male,No,0.41282082783111484,Emotional,0.3309039874407045,0.3309039874407045
231,USA,0,5,Male,No,0.6961577155555198,Emotional,0.7569510250108034,0.19295913682799437
232,USA,0,4,Female,No,0.7789175696723398,Emotional,0.7317527700902557,0.7317527700902557
233,USA,1,4,Male,No,0.9831117698922753,Emotional,0.8418937227524544,0.22880838386754476
234,USA,0,8,Female,No,0.6980544381466618,Emotional,0.709953186041239,0.6380601414027378
235,USA,0,1,Male,No,0.6990144699853197,Emotional,0.6391572322726958,0.6391572322726958
236,USA,0,6,Male,No,0.5963347424922176,Emotional,0.32546562220624664,0.32546562220624664
237,USA,0,2,Female,No,0.774618880985615,Emotional,0.7267082626549378,0.7267082626549378
238,USA,0,7,Male,Yes,0.3630661375096515,Analytical,0.9624762985049348,0.281826729750061
239,USA,1,7,Female,No,0.6796756272271721,Emotional,0.6171306563755792,0.6171306563755792
240,USA,1,8,Male,No,0.5928280613080026,Emotional,0.5201887322927364,0.5201887322927364
241,USA,1,2,Male,Yes,0.9948250435190857,Analytical,0.9561184686258095,0.41632034920969563
242,USA,0,7,Female,Yes,0.4920665673653275,Analytical,0.7858705394982918,0.3110070248774693
243,USA,0,6,Female,No,0.42804494397015913,Emotional,0.34622762325520157,0.22207778792109423
244,USA,0,7,Male,Yes,0.6067008239766601,Analytical,0.9739475922937164,0.535449146896345
245,USA,1,3,Male,No,0.2875851127973874,Emotional,0.18478401864594798,0.18478401864594798
246,USA,1,5,Female,No,0.6473705898681609,Emotional,0.5806858011094946,0.27963529607134774
247,USA,0,1,Male,Yes,0.90807657041114,Analytical,0.95709997080519,0.7713375283574351
248,USA,1,0,Female,Yes,0.8941724682181302,Emotional,0.6625526460367838,0.48825384185076254
249,USA,0,8,Male,No,0.5650097091984723,Emotional,0.48985764306176427,0.4410215820862504
250,USA,1,2,Female,No,0.8926759344467428,Emotional,0.6248140714231886,0.23876924240016947
251,USA,1,1,Female,No,0.8055703732961774,Emotional,0.24892172644554195,0.24548425363368379
252,USA,1,3,Male,No,0.7490792706248612,Emotional,0.35549668191123657,0.29733656071493897
253,USA,1,7,Male,Yes,0.9114205375802374,Analytical,1.0,0.22323928485184297
254,USA,1,8,Female,No,0.7216225308816006,Emotional,0.6651010074092654,0.5377931018319941
255,USA,1,2,Female,No,0.8973782352449795,Emotional,0.8734125240829482,0.8014221383573386
256,USA,1,0,Male,No,0.45327368635753373,Emotional,0.2808887802374297,0.2808887802374297
257,USA,1,1,Female,No,0.8177352272602796,Emotional,0.7776172462285937,0.7776172462285937
258,USA,1,2,Female,No,0.3714441892873632,Emotional,0.2899792758799429,0.2899792758799429
259,USA,1,9,Male,No,0.5199050364879205,Emotional,0.44147389759615585,0.17804772861472884
260,USA,1,4,Male,No,0.7914434371939421,Emotional,0.7464914755671953,0.06194668313582952
261,USA,0,1,Male,No,0.8842238065190031,Emotional,0.7546118867935002,0.49734131450168206
262,USA,0,4,Male,Yes,0.5583009394967363,Analytical,1.0,0.11843256369684241
263,USA,1,5,Female,No,0.5693907173998246,Emotional,0.6093406143229549,0.4946100976222701
264,USA,0,8,Female,No,0.5598614926698492,Emotional,0.4842846983564875,0.3767189391073771
265,USA,1,2,Female,No,0.4646379698497185,Emotional,0.362929568048725,0.362929568048725
266,USA,1,3,Female,No,0.6444316266842273,Emotional,0.5773923926557639,0.11025151408284728
267,USA,1,3,Male,No,0.7942147310712856,Emotional,0.7497602687773376,0.37393360280475463
268,USA,1,9,Female,No,0.8936011150726699,Emotional,0.40638702368537455,0.380964236206667
269,USA,1,9,Male,No,0.6041270659598326,Emotional,0.767352889186841,0.4969908692564786
270,USA,1,2,Male,Yes,0.7616605319144583,Emotional,0.7313661221363692,0.5192584604101653
271,USA,0,9,Female,No,0.9012575448732605,Emotional,0.7942278079529306,0.7664684389310423
272,USA,1,6,Female,No,0.8331304007869154,Emotional,0.7959599711664508,0.7959599711664508
273,USA,1,5,Male,No,0.7278837038307016,Emotional,0.6723222674271105,0.5323323259817698
274,USA,1,3,Female,No,0.6321519894554513,Emotional,0.5247611550294766,0.19001302060769376
275,USA,0,8,Male,No,0.7058606584101116,Emotional,0.6469917175839855,0.6469917175839855
276,USA,0,3,Female,No,0.9768771303142785,Emotional,0.5032070912424899,0.19765860084589804
277,USA,1,0,Female,No,0.7663410766739611,Emotional,0.7170139925444623,0.3971153358788797
278,USA,1,4,Female,No,0.9927775956193727,Emotional,0.24875805061947626,0.24875805061947626
279,USA,1,7,Female,No,0.6136616085041169,Emotional,0.7198223683157631,0.2936847610408222
280,USA,0,0,Female,Yes,0.8210985293248682,Analytical,0.900907721332933,0.4039888702936878
281,USA,0,2,Female,No,0.6577939791807219,Emotional,0.592396341229231,0.33926467984656483
282,USA,0,2,Female,No,0.43987794396193364,Emotional,0.604352221263198,0.15004391036563902
283,USA,1,3,Female,No,0.6350086773449961,Emotional,0.5668583847245738,0.5668583847245738
284,USA,1,5,Male,No,0.9903293449333432,Emotional,0.618064761369415,0.618064761369415
285,USA,1,5,Female,No,0.8735507098981543,Emotional,0.6479762685931655,0.4172651397311711
286,USA,1,5,Female,No,0.4440750779050364,Emotional,0.4122409592884651,0.096782427243852
287,USA,1,8,Male,No,0.38769826547468256,Emotional,0.14236861576651985,0.14236861576651985
288,USA,1,6,Male,No,0.8605708413861066,Emotional,0.7664455886947327,0.4191431949620892
289,USA,1,9,Male,No,0.61605375982794,Emotional,0.5457870986396289,0.35060119749959995
290,USA,0,7,Male,No,0.8447036154502712,Emotional,0.4155585326781762,0.4155585326781762
291,USA,1,7,Male,No,0.9894713604107892,Emotional,0.7835129683106555,0.22107379883709655
292,USA,1,9,Female,No,0.8424215028335311,Emotional,0.46744902602901917,0.46744902602901917
293,USA,0,6,Female,No,0.4770643876590839,Emotional,0.45772358402186913,0.3137964439366216
294,USA,1,1,Female,No,0.7689120408165981,Emotional,0.7200221010148706,0.16533164799602673
295,USA,1,2,Male,No,0.9111823722332701,Emotional,0.7579949095119628,0.5119304413267535
296,USA,1,2,Female,No,0.6025831552610725,Emotional,0.6010209918312467,0.05350509674190107
297,USA,1,7,Male,No,0.8883934049364307,Emotional,0.8624951414891078,0.014532500095810974
298,USA,0,6,Female,No,0.5855444328279726,Emotional,0.5122120842463804,0.46602106969476154
299,USA,0,6,Female,No,0.6627507494522433,Emotional,0.5626422439900295,0.5626422439900295
300,USA,1,0,Male,Yes,0.9796290108843095,Analytical,1.0,0.8226833450917184
301,USA,1,7,Male,No,0.8074902708394802,Emotional,0.5901915209672371,0.49622853833352565
302,USA,0,3,Female,Yes,0.6480870197594796,Analytical,1.0,0.5814892014454442
303,USA,0,8,Female,No,0.7924412680176829,Emotional,0.6103475213865618,0.046020880919968477
304,USA,0,3,Female,No,0.7284289970628783,Emotional,0.6764016115513732,0.5243906021942166
305,USA,1,5,Female,No,0.6893797328387823,Emotional,0.7005176810578815,0.6281641385850196
306,USA,1,2,Male,No,0.704720012117511,Emotional,0.6456850865151686,0.2146815925325427
307,USA,1,7,Male,No,0.7544042658355685,Emotional,0.703080688524945,0.6988893156067206
308,USA,0,2,Female,No,0.8362568810360236,Emotional,0.7996954599016255,0.5332029078781488
309,USA,1,2,Male,No,0.837160367887777,Emotional,0.8007755883562969,0.0025286008958573802
310,USA,1,0,Female,No,0.5802717806254085,Emotional,0.5064531929052513,0.5064531929052513
311,USA,0,6,Male,No,0.5266080409237475,Emotional,0.3119174379954711,0.22328373834476883
312,USA,0,1,Female,No,0.6556117880663805,Emotional,0.21620258870068154,0.21620258870068154
313,USA,0,4,Male,No,0.8220906615215426,Emotional,0.7067286283069851,0.500389077442378
314,USA,0,5,Male,No,0.8205102635341656,Emotional,0.7809172610074763,0.09321214343344764
315,USA,1,5,Female,No,0.7623171953384424,Emotional,0.7123109902826772,0.4908238237076432
316,USA,1,4,Male,No,0.6566148609401572,Emotional,0.6429858037988105,0.5640929509154375
317,USA,0,4,Male,No,0.6558662772771819,Emotional,0.6391095551231775,0.5902270736461869
318,USA,0,9,Female,No,0.5590483583393251,Emotional,0.6532041649238273,0.48340564835571953
319,USA,0,8,Female,No,0.8757256374792632,Emotional,0.3632320156020648,0.09910344292529771
320,USA,1,7,Female,No,0.7384962117548639,Emotional,0.5667349500677256,0.5667349500677256
321,USA,1,0,Male,No,0.5032138506812771,Emotional,0.1408146934361627,0.1408146934361627
322,USA,0,4,Male,No,0.5020225195675222,Emotional,0.5703784249437013,0.42257519328394866
323,USA,0,4,Female,Yes,0.7733991040702944,Analytical,0.7854247025657515,0.6182529780862751
324,USA,1,5,Female,No,0.7569519527554859,Emotional,0.7060498939283988,0.33201736955106753
325,USA,1,7,Female,No,0.49671504875277606,Emotional,0.30698173329082323,0.30698173329082323
326,USA,1,8,Male,No,0.9924831468497359,Emotional,0.7069701310955433,0.4348128845413157
327,USA,0,5,Male,No,0.3714390145286546,Emotional,0.2899742260965121,0.2899742260965121
328,USA,1,6,Male,No,0.9822947840793859,Emotional,0.7571313410085106,0.24199700086137454
329,USA,0,2,Male,No,0.903882723485367,Emotional,0.7110784037422275,0.4555986652021602
330,USA,1,3,Male,No,0.5586215563082452,Emotional,0.5507316130893378,0.3289550914632855
331,USA,1,0,Female,No,0.8925247533297807,Emotional,0.6713716912777845,0.6713716912777845
332,USA,1,2,Female,No,0.6239164383988126,Emotional,0.554508279683313,0.554508279683313
333,USA,1,0,Female,No,0.8107909552953766,Emotional,0.7693715434788091,0.4846533837053357
334,USA,0,4,Male,No,0.8112700606937312,Emotional,0.7699398732072762,0.040847015540748544
335,USA,0,4,Female,No,0.43929165254382246,Emotional,0.3576359668224711,0.34493703298176115
336,USA,1,4,Female,No,0.6531145917676056,Emotional,0.6018222644738671,0.20484311355085083
337,USA,1,1,Female,No,0.8420110964082675,Emotional,0.8065796649022099,0.6361505659333488
338,USA,1,5,Male,No,0.3967872731676043,Emotional,0.559755619574853,0.31491776989268677
339,USA,0,3,Female,No,0.9074201871544574,Emotional,0.7183527344971911,0.12474576190834341
340,USA,1,6,Female,No,0.8370654100017418,Emotional,0.7678157137139713,0.013885709177884564
341,USA,0,9,Female,No,0.7153275269392907,Emotional,0.5729304719627072,0.5729304719627072
342,USA,0,6,Female,No,0.6993048512067063,Emotional,0.6927174317141362,0.14097475406742888
343,USA,0,6,Female,No,0.7634258719726859,Emotional,0.5482422502834338,0.5482422502834338
344,USA,1,7,Male,No,0.970421852047366,Emotional,0.3102109665548992,0.0009054631018443615
345,USA,1,7,Male,No,0.5031553309689824,Emotional,0.42376745290536594,0.42376745290536594
346,USA,1,3,Male,No,0.30328992827021833,Emotional,0.7365998188507548,0.22507252621348012
347,USA,1,2,Male,Yes,0.9776499330582737,Analytical,0.884192975771266,0.2887650235482908
348,USA,1,9,Female,No,0.3122359821203731,Emotional,0.23340152387073276,0.23340152387073276
349,USA,0,0,Male,No,0.7430575168598181,Emotional,0.7163571964415497,0.31786730231488036
350,USA,0,3,Female,Yes,0.8217163238510709,Analytical,1.0,0.3371178900451923
351,USA,1,9,Female,No,0.8535885006183734,Emotional,0.8204662002482284,0.8204662002482284
352,USA,0,9,Male,No,0.6769025385021408,Emotional,0.6788706017620826,0.5086375301088992
353,USA,1,5,Female,No,0.8751290282689297,Emotional,0.2641010892206184,0.11213708015293378
354,USA,1,3,Male,No,0.810141490304538,Emotional,0.7686012619453085,0.4394061965504079
355,USA,1,4,Female,No,0.5194484394045824,Emotional,0.4409893053479664,0.026929154765639396
356,USA,1,5,Male,No,0.43760478288080934,Emotional,0.35592014942153727,0.35592014942153727
357,USA,1,9,Male,No,0.5630880268927285,Emotional,0.3628666188791985,0.01072199414284114
358,USA,0,4,Male,No,0.8790712454620007,Emotional,0.5523972081274613,0.2996137934496801
359,USA,1,3,Female,No,0.4214288704752107,Emotional,0.5874357402549868,0.2750562574477744
360,USA,1,8,Female,No,0.3513010332886055,Emotional,0.27342652038928467,0.17018225841275125
361,USA,0,2,Female,No,0.8151615732052131,Emotional,0.774559212054141,0.16019804820098216
362,USA,0,2,Female,No,0.5794818608875798,Emotional,0.5055915508068014,0.4284664925744437
363,USA,1,7,Female,No,0.450451001925925,Emotional,0.3690281079591098,0.1820470290413141
364,USA,1,4,Male,No,0.8279256518661104,Emotional,0.7897491612654722,0.6294459460004873
365,USA,1,0,Female,No,0.7562829689550199,Emotional,0.6046170210641373,0.6046170210641373
366,USA,0,6,Female,No,0.5234225594194868,Emotional,0.12368860813146053,0.11994722601717875
367,USA,0,0,Female,No,0.933191074916067,Emotional,0.41791185461109315,0.3906334845330707
368,USA,0,4,Male,No,0.8847861949393518,Emotional,0.7804523484569973,0.2517132074399342
369,USA,1,8,Female,No,0.9716624329694241,Emotional,0.7505121551295635,0.0021694937768472755
370,USA,0,5,Female,No,0.8336892528295721,Emotional,0.5757691932847187,0.5757691932847187
371,USA,1,8,Female,No,0.7639310901622594,Emotional,0.45887910223097605,0.0006296922692854423
372,USA,1,2,Male,No,0.8211179791715668,Emotional,0.7816403164967508,0.2542775897873071
373,USA,1,3,Male,No,0.5304631244100934,Emotional,0.7334694284908801,0.4527088646769827
374,USA,1,7,Male,No,0.6498513787587771,Emotional,0.5834686898687308,0.4248764807398402
375,USA,1,7,Male,No,0.826186640603737,Emotional,0.552352529943126,0.40291065298515605
376,USA,1,7,Male,Yes,0.7844882504824171,Analytical,1.0,0.06894496415225149
377,USA,0,9,Female,Yes,0.9697902063945623,Analytical,1.0,0.14727914165814582
378,USA,1,2,Male,No,0.7182035781679561,Emotional,0.6611643915028349,0.18978872709431016
379,USA,1,7,Male,No,0.8824518813962641,Emotional,0.2085668299437175,0.2085668299437175
380,USA,0,6,Female,No,0.6566576320288277,Emotional,0.7114634980908523,0.4955040323493449
381,USA,1,8,Male,No,0.7133669172887792,Emotional,0.6556034134384318,0.4722665893505109
382,USA,1,5,Female,No,0.7052284318537202,Emotional,0.6462674253074574,0.01428132669752813
383,USA,0,2,Female,No,0.363232857103867,Emotional,0.23141091129494157,0.0630944232643742
384,USA,0,6,Male,No,0.6202420496856575,Emotional,0.5673962049137118,0.03206640368443914
385,USA,0,9,Female,Yes,0.9193085550468822,Analytical,1.0,0.21645956385964382
386,USA,0,0,Male,No,0.7515215333575475,Emotional,0.7002104138940195,0.5280415762890698
387,USA,0,3,Female,No,0.6831126702336405,Emotional,0.13800339447228452,0.10101969597781135
388,USA,0,4,Female,No,0.6019300361437866,Emotional,0.5528144087548208,0.5301912044819281
389,USA,1,1,Female,No,0.7187602146805148,Emotional,0.5081723477354881,0.5081723477354881
390,USA,1,5,Male,No,0.9912723909601482,Emotional,0.24897892173621183,0.24897892173621183
391,USA,0,1,Female,No,0.5596589919327999,Emotional,0.5907784859442654,0.4840657522971328
392,USA,1,8,Male,No,0.6470465742203098,Emotional,0.5803225248113846,0.5803225248113846
393,USA,0,7,Female,No,0.6812336425309695,Emotional,0.3664239147797514,0.3664239147797514
394,USA,0,1,Male,No,0.6420753277325275,Emotional,0.411807588635472,0.2513420126570054
395,USA,1,0,Male,No,0.5922945300094674,Emotional,0.5646904457901837,0.5196036011248324
396,USA,1,4,Female,Yes,0.5658596831391072,Analytical,1.0,0.49077896461215187
397,USA,1,2,Male,No,0.8845752884211575,Emotional,0.8578641189438662,0.23654233411616588
398,USA,1,8,Female,No,0.4686414618706584,Emotional,0.3877491784663341,0.05079485417536489
399,USA,1,0,Female,No,0.8543300552452494,Emotional,0.8213572715355564,0.09641183636995265
400,USA,0,5,Female,No,0.5884587599239239,Emotional,0.4018550640548347,0.35929811611857576
401,USA,0,7,Male,No,0.8075768990506944,Emotional,0.7655611024577514,0.013299681099852023
402,USA,0,7,Male,No,0.492173884510521,Emotional,0.23799257539070987,0.23799257539070987
403,USA,0,2,Male,No,0.7027758077485001,Emotional,0.6434591837890631,0.6434591837890631
404,USA,0,3,Female,No,0.560520395403692,Emotional,0.48499724834717445,0.0749173371686993
405,USA,0,0,Male,No,0.653824425659075,Emotional,0.7544007822682215,0.587931089706517
406,USA,0,0,Female,Yes,0.9000340341575774,Analytical,0.8766448087248689,0.24798173942417634
407,USA,0,4,Male,No,0.8759405387187744,Emotional,0.8474094105428618,0.8474094105428618
408,USA,1,8,Male,No,0.8224327083116805,Emotional,0.33448763458121356,0.15296845514876622
409,USA,1,7,Female,Yes,0.7296968672726507,Analytical,1.0,0.3528271634650082
410,USA,0,2,Female,No,0.6777163485580787,Emotional,0.6149077303245144,0.6149077303245144
411,USA,0,7,Female,No,0.7508250191596771,Emotional,0.6989134848018513,0.6989134848018513
412,USA,0,2,Male,No,0.6454773151595413,Emotional,0.5785637639855625,0.5785637639855625
413,USA,0,3,Male,No,0.5237450254417126,Emotional,0.2677187703561959,0.16411096002957493
414,USA,0,1,Female,No,0.6534130947202357,Emotional,0.669578418657614,0.4765606479968483
415,USA,0,7,Female,No,0.700707732875967,Emotional,0.6410931520101906,0.28218296193517745
416,USA,1,8,Female,Yes,0.98628535930402,Analytical,0.9261038710273717,0.45681656153374206
417,USA,1,3,Male,No,0.7253897531516917,Emotional,0.6694440263297936,0.10095944513341237
418,USA,1,1,Female,No,0.161963306774495,Emotional,0.10274738885867458,0.10274738885867458
419,USA,1,6,Female,No,0.6150847796966976,Emotional,0.5447142360314274,0.15138628705244628
420,USA,1,8,Male,No,0.809003876144221,Emotional,0.7672523954820584,0.7672523954820584
421,USA,0,5,Male,No,0.9152443249950011,Emotional,0.7594946789923274,0.014233377332857344
422,USA,0,6,Female,No,0.8806305772999212,Emotional,0.8530847947449811,0.48257909908170404
423,USA,0,3,Male,No,0.8586348044015607,Emotional,0.8265337855177687,0.6001964645265616
424,USA,1,6,Male,No,0.6163947191644183,Emotional,0.32448867251191255,0.32448867251191255
425,USA,1,1,Female,No,0.6150141799511747,Emotional,0.7379508397361102,0.20178942218173557
426,USA,1,6,Male,No,0.42195734399039936,Emotional,0.3400835986175164,0.3400835986175164
427,USA,1,5,Female,No,0.6321064248932089,Emotional,0.42891279401812377,0.42891279401812377
428,USA,0,2,Male,No,0.6143360857826056,Emotional,0.6439122629238683,0.3888337439057068
429,USA,1,4,Male,No,0.4426974493779993,Emotional,0.7367431032316017,0.36110522686323737
430,USA,0,0,Male,No,0.8134045350498417,Emotional,0.772472872272842,0.5425929021221236
431,USA,1,3,Female,No,0.7859869475687447,Emotional,0.7200539130625839,0.6707072539497398
432,USA,1,4,Female,No,0.6695884511595908,Emotional,0.6057033046085794,0.3731616972891061
433,USA,0,6,Male,Yes,0.7643643809042924,Emotional,0.7147029111995162,0.7147029111995162
434,USA,1,8,Female,No,0.46020816760574235,Emotional,0.21664182425624817,0.21664182425624817
435,USA,0,9,Female,No,0.9388767555501545,Emotional,0.3731319716803615,0.3731319716803615
436,USA,1,2,Male,Yes,0.6063810817131525,Analytical,1.0,0.09444908769182803
437,USA,0,0,Female,No,0.48816077133005464,Emotional,0.40804080495943207,0.39128260353027144
438,USA,1,5,Female,Yes,0.8640373651350097,Analytical,0.913671651388577,0.1504694797540651
439,USA,0,0,Male,No,0.6791375268384284,Emotional,0.6165199875452453,0.5505334935096471
440,USA,0,2,Male,No,0.7903019263162777,Emotional,0.7451458733196018,0.2537552564062935
441,USA,1,6,Female,No,0.6509183290328727,Emotional,0.7399136555663791,0.5846663863893967
442,USA,1,9,Male,No,0.5832401213438061,Emotional,0.5022645053440886,0.5022645053440886
443,USA,1,7,Female,No,0.408672135511101,Emotional,0.5804124885433704,0.3267523983957934
444,USA,1,3,Male,No,0.6530696522725321,Emotional,0.6265153130537148,0.02520517454468063
445,USA,1,9,Female,No,0.49301908312918385,Emotional,0.34920340684748674,0.2818716144086625
446,USA,1,3,Male,No,0.8508300326777763,Emotional,0.8171532532998026,0.35116661417578143
447,USA,0,2,Male,No,0.823504208598024,Emotional,0.698854684896578,0.07457826336030848
448,USA,0,5,Female,Yes,0.6691235418529828,Analytical,1.0,0.5784231323131541
449,USA,1,7,Male,No,0.4970566488346006,Emotional,0.417356670728406,0.417356670728406
450,USA,1,4,Female,No,0.6473241526319823,Emotional,0.6040427694121899,0.06468605314421438
451,USA,1,7,Male,No,0.6193402757596305,Emotional,0.549429095231153,0.549429095231153
452,USA,1,9,Female,No,0.49726120384657696,Emotional,0.6172582518074705,0.10123627430311899
453,USA,1,6,Male,No,0.31619798384417663,Emotional,0.14956457529393313,0.14956457529393313
454,USA,1,8,Male,No,0.6325513533353604,Emotional,0.5641177129875863,0.34788641904196993
455,USA,1,5,Male,No,0.6558751013653819,Emotional,0.3548310814954735,0.29761017716646165
456,USA,1,3,Male,No,0.7955960578246959,Emotional,0.48966360710419565,0.48966360710419565
457,USA,1,8,Male,No,0.7593370121194312,Emotional,0.39221318862465626,0.016883722372767807
458,USA,1,8,Female,No,0.87806796836594,Emotional,0.6362021398806246,0.4882118908853954
459,USA,1,2,Female,No,0.8748141300438874,Emotional,0.7670923427055798,0.3867479295377052
460,USA,0,3,Male,No,0.27790550396483277,Emotional,0.20177689521753972,0.20177689521753972
461,USA,0,5,Male,No,0.9761806077731308,Emotional,0.32437255502027523,0.03454799988230661
462,USA,1,1,Female,No,0.5417599708252965,Emotional,0.21087109205338664,0.19845958766200056
463,USA,0,0,Male,No,0.41057151750973353,Emotional,0.3286518053781362,0.2478447790199425
464,USA,0,5,Male,No,0.9488788819235197,Emotional,0.46900882296781354,0.46900882296781354
465,USA,0,0,Male,No,0.7986245701429227,Emotional,0.7549676352407066,0.5605944025155623
466,USA,0,2,Male,No,0.4995308448138339,Emotional,0.4199551268372627,0.4199551268372627
467,USA,1,0,Male,Yes,0.7973010193991286,Emotional,0.6727756978091293,0.24949517443928926
468,USA,0,8,Male,No,0.6803507863317697,Emotional,0.6178970386916793,0.2828789553614115
469,USA,0,6,Female,No,0.6265513555628739,Emotional,0.5574370650640315,0.1671344577007403
470,USA,0,2,Male,No,0.9386233456534683,Emotional,0.6432941287946232,0.011623070628957066
471,USA,1,0,Female,No,0.5832821610148919,Emotional,0.5097395929654439,0.2023823647368772
472,USA,1,3,Male,No,0.7751307274456849,Emotional,0.7076070326274111,0.6327575674804393
473,USA,0,5,Male,No,0.6193933833942189,Emotional,0.5516747463120737,0.5494879869129827
474,USA,0,4,Male,No,0.9046555648592403,Emotional,0.8743434627899174,0.16899447998730466
475,USA,0,3,Male,No,0.7452618461338716,Emotional,0.5807208488805737,0.2648266130812754
476,USA,1,0,Female,No,0.6445068921611892,Emotional,0.5504779584927019,0.49099055555235804
477,USA,1,0,Male,Yes,0.7790932682946037,Analytical,0.8589201524101555,0.47048384220306616
478,USA,0,3,Male,No,0.9674837345964988,Emotional,0.6213665838171766,0.6213665838171766
479,USA,1,0,Male,No,0.8594954871470988,Emotional,0.827569546700575,0.047560861376950925
480,USA,1,4,Male,No,0.7020292465003476,Emotional,0.6426048610444514,0.6426048610444514
481,USA,1,5,Female,No,0.81464727756082,Emotional,0.7739484113528927,0.7739484113528927
482,USA,1,8,Female,No,0.43389577244226984,Emotional,0.3521533088371409,0.3521533088371409
483,USA,0,6,Male,No,0.6422037374413776,Emotional,0.28977107147675274,0.23383283348922404
484,USA,0,8,Female,No,0.5051143620495135,Emotional,0.425830874481376,0.425830874481376
485,USA,1,0,Female,No,0.8538348989084805,Emotional,0.8207622573686861,0.6985898430466477
486,USA,0,0,Male,No,0.6769820248446194,Emotional,0.6060324087745548,0.15565154741034348
487,USA,1,9,Female,No,0.5992002932452647,Emotional,0.5271873995766337,0.2739513691976754
488,USA,0,8,Female,No,0.9416051931348193,Emotional,0.8258858659993669,0.8088147928328908
489,USA,0,5,Male,No,0.8057942262639699,Emotional,0.37494726698239306,0.37494726698239306
490,USA,1,3,Male,Yes,0.8251001957987683,Analytical,1.0,0.4201171597233042
491,USA,0,5,Male,No,0.7640077741241427,Emotional,0.7142861383793614,0.7118004827198092
492,USA,1,3,Female,No,0.7636766857713155,Emotional,0.694522522063956,0.36008296245017846
493,USA,1,5,Male,No,0.8318179802909071,Emotional,0.7469791357002421,0.14489131284975088
494,USA,1,7,Male,No,0.8843105379870904,Emotional,0.8575431861143357,0.8575431861143357
495,USA,1,3,Female,Yes,0.9032991474140643,Analytical,0.880621938049821,0.047450600288357236
496,USA,1,2,Female,No,0.7092847787207356,Emotional,0.6509172784836146,0.6509172784836146
497,USA,0,5,Male,No,0.5835026406145338,Emotional,0.764534255691342,0.509980455147287
498,USA,0,0,Male,No,0.5025774204750633,Emotional,0.6288697757316914,0.41811910093242594
499,USA,1,8,Female,No,0.5601254802719167,Emotional,0.48457015442969775,0.1728725076354749
500,USA,0,0,Female,No,0.6840543414877676,Emotional,0.6221043734352728,0.170777956674101
501,USA,1,6,Female,No,0.5238259505922542,Emotional,0.1806129334512121,0.1806129334512121
502,USA,1,2,Male,Yes,0.4735658876170953,Analytical,1.0,0.3928488752947715
503,USA,1,3,Male,No,0.7917378204140313,Emotional,0.7468385704612918,0.5260116530644154
504,USA,0,9,Male,No,0.8353246753390369,Emotional,0.7985813035120892,0.6798788447003972
505,USA,1,5,Male,Yes,0.8202278621092773,Emotional,0.6823150548650848,0.3726340451521537
506,USA,1,4,Female,No,0.6817908461016486,Emotional,0.5861901889570765,0.2789538182796605
507,USA,1,7,Female,No,0.7551747914292556,Emotional,0.7039784346615805,0.36569152799893345
508,USA,1,4,Female,No,0.25092349088065113,Emotional,0.5067206309361698,0.17759333018278375
509,USA,0,7,Male,No,0.2697212480929683,Emotional,0.19437658636833238,0.19437658636833238
510,USA,0,6,Female,No,0.4311851556635869,Emotional,0.34940551156851096,0.2970056419562752
511,USA,0,1,Male,Yes,0.7350791961897637,Analytical,1.0,0.1908916006432264
512,USA,0,8,Female,Yes,0.9070084671865651,Analytical,0.8851445031411808,0.006013468891978846
513,USA,0,3,Male,No,0.4758391123941692,Emotional,0.2928098201886008,0.21055439524116082
514,USA,1,7,Male,No,0.6141791558910342,Emotional,0.5437119039709117,0.5437119039709117
515,USA,1,4,Male,No,0.7025790191498669,Emotional,0.7531849488578882,0.2157704281844417
516,USA,1,9,Male,No,0.5064611707448421,Emotional,0.24264498558553454,0.24264498558553454
517,USA,0,7,Male,No,0.7322364002924112,Emotional,0.677351571813758,0.5302202884131475
518,USA,0,8,Female,No,0.8403191708102895,Emotional,0.5283020425394048,0.5283020425394048
519,USA,1,8,Female,No,0.8568417381664863,Emotional,0.824376810933892,0.23859867008559377
520,USA,0,9,Male,No,0.6699052590008554,Emotional,0.6060615524689021,0.6060615524689021
521,USA,0,2,Male,No,0.5202713134147684,Emotional,0.44186270884206436,0.3586342741109547
522,USA,0,9,Male,Yes,0.8216213466688241,Analytical,0.8440432132064054,0.0618271346684196
523,USA,1,8,Male,No,0.529709534674265,Emotional,0.5137281331598207,0.07852051298596052
524,USA,1,0,Female,No,0.7888110873454934,Emotional,0.6690116952506682,0.6406950752207194
525,USA,1,6,Female,No,0.5332422742598354,Emotional,0.4556755380013905,0.4556755380013905
526,USA,1,3,Male,Yes,0.7877669241242984,Analytical,0.9566764824686653,0.6179498850493558
527,USA,1,0,Female,No,0.8441506942963315,Emotional,0.5283246140120446,0.4120383621939254
528,USA,0,8,Male,No,0.2749031548472827,Emotional,0.19905571682223142,0.19905571682223142
529,USA,1,3,Female,No,0.6325853682301386,Emotional,0.5803668867201123,0.010332133175324998
530,USA,0,6,Male,No,0.616078597251719,Emotional,0.5845969013940158,0.09570233231534075
531,USA,1,1,Male,No,0.6964840977310304,Emotional,0.7385495158760024,0.6362664243579347
532,USA,0,9,Female,No,0.6626090537465643,Emotional,0.2561800819218434,0.24134383094855713
533,USA,0,0,Female,No,0.4451672025777874,Emotional,0.3636251811199471,0.3636251811199471
534,USA,1,3,Male,No,0.6808552687652782,Emotional,0.743556365052606,0.41597904634818406
535,USA,0,5,Male,No,0.9141141295394846,Emotional,0.4273309366447105,0.30711344905103033
536,USA,1,8,Male,No,0.93446060626502,Emotional,0.5928036728519146,0.20897970019661805
537,USA,1,9,Male,No,0.6454814082492764,Emotional,0.5785683499625304,0.5785683499625304
538,USA,0,4,Male,No,0.8947791740583853,Emotional,0.4908317321821979,0.44017064011859475
539,USA,1,8,Male,No,0.7477655527759227,Emotional,0.6953553787186253,0.11844901476342784
540,USA,0,9,Male,No,0.6368327393893196,Emotional,0.4925487441392939,0.4925487441392939
541,USA,1,0,Female,No,0.19883872139688416,Emotional,0.6228317987403716,0.13277802432550573
542,USA,1,7,Male,No,0.9580598917646057,Emotional,0.07839174863286562,0.07839174863286562
543,USA,0,8,Female,No,0.4414438060221073,Emotional,0.2686121677481646,0.2686121677481646
544,USA,0,9,Female,No,0.8705399970904182,Emotional,0.7602707725276742,0.41087156872890773
545,USA,0,7,Female,No,0.7573082238741335,Emotional,0.1972113229211118,0.1723330805604027
546,USA,0,6,Male,No,0.7127532031725018,Emotional,0.65489846451579,0.42475155311331037
547,USA,1,5,Female,No,0.5106287723247078,Emotional,0.6066397702846008,0.4315447941660961
548,USA,1,6,Male,No,0.44893332781577316,Emotional,0.3674745862369628,0.3674745862369628
549,USA,0,8,Male,No,0.5169551646110889,Emotional,0.438345041358859,0.24287681910209358
550,USA,0,2,Male,No,0.7317662625152243,Emotional,0.6768079922397039,0.4869502023930181
551,USA,1,7,Female,No,0.5682946433767939,Emotional,0.49342023196708346,0.49342023196708346
552,USA,0,8,Female,No,0.6716038885995799,Emotional,0.6079830931764533,0.5846191184373595
553,USA,0,4,Male,Yes,0.5806820301022526,Analytical,0.9657002608044878,0.4988933826322785
554,USA,1,1,Male,No,0.8141704062404618,Emotional,0.7733821435929655,0.5387615869030924
555,USA,0,6,Female,No,0.7838031168459482,Emotional,0.7374944097465391,0.6061437560720151
556,USA,0,4,Female,No,0.7998282378366639,Emotional,0.6418583741122094,0.5824526578326186
557,USA,1,5,Female,No,0.6317078360923604,Emotional,0.5631775449067753,0.37482750397884956
558,USA,1,1,Female,No,0.5853321058496086,Emotional,0.5119799252760255,0.5119799252760255
559,USA,0,7,Male,No,0.7589496281733862,Emotional,0.7538450077900027,0.03328428196709865
560,USA,1,1,Male,No,0.7155831430214056,Emotional,0.6581503653040691,0.6581503653040691
561,USA,1,7,Male,No,0.9291370576938789,Emotional,0.6425257052881592,0.04894639769827336
562,USA,1,5,Female,No,0.8842525640311578,Emotional,0.679740535742251,0.2585523743491649
563,USA,1,6,Female,No,0.79345872621343,Emotional,0.1859595173761282,0.1859595173761282
564,USA,1,1,Male,No,0.42711139414950594,Emotional,0.36588471851509896,0.3198038249501552
565,USA,1,9,Female,No,0.6294930292330697,Emotional,0.5773142107596687,0.2277089765875644
566,USA,1,7,Female,No,0.6432260361279889,Emotional,0.5760424900250032,0.5760424900250032
567,USA,0,0,Female,No,0.7626671183106561,Emotional,0.7157736302124795,0.628165449827975
568,USA,0,4,Female,No,0.473781463644383,Emotional,0.5322636462900118,0.2639483414022834
569,USA,0,8,Female,No,0.6664207167266628,Emotional,0.6021235474788263,0.6021235474788263
570,USA,0,8,Female,Yes,0.6164731224294973,Analytical,0.9029169715718036,0.5462515511455204
571,USA,0,9,Male,No,0.35592823585863725,Emotional,0.27491792197871306,0.27491792197871306
572,USA,0,3,Female,No,0.913170904830622,Emotional,0.6736194802225334,0.20502979053253512
573,USA,1,2,Female,No,0.7891650781950819,Emotional,0.7438062503209484,0.5377847152749382
574,USA,0,6,Male,No,0.2948852285218748,Emotional,0.21730327559770854,0.21730327559770854
575,USA,0,5,Female,No,0.5082595941454253,Emotional,0.7328221357238364,0.28546563103918743
576,USA,0,5,Female,No,0.7661166069552209,Emotional,0.7167514755647854,0.7167514755647854
577,USA,0,7,Female,No,0.8109715294121997,Emotional,0.24303869253330357,0.18403642469274928
578,USA,1,2,Male,No,0.729653827292168,Emotional,0.4978764720475557,0.44446550834072696
579,USA,1,9,Female,No,0.6014048139059014,Emotional,0.5783519357957811,0.5068908762093962
580,USA,1,6,Female,No,0.6683142259098531,Emotional,0.5504476503710612,0.39624936344534945
581,USA,1,3,Female,No,0.8600099893866154,Emotional,0.8281888318607517,0.8164320364758169
582,USA,1,9,Male,No,0.6236427059016099,Emotional,0.5542041952706661,0.5542041952706661
583,USA,0,2,Female,No,0.7786305938016183,Emotional,0.7314157868769736,0.45383289012897876
584,USA,0,2,Female,No,0.7958895900374046,Emotional,0.5772161235962449,0.3239893807212866
585,USA,0,6,Female,Yes,0.9160500759498614,Analytical,1.0,0.8961877821543575
586,USA,0,3,Female,No,0.6149313437075942,Emotional,0.5445443891988495,0.5445443891988495
587,USA,1,8,Male,No,0.7665816515096843,Emotional,0.7333354951294496,0.7172953657754122
588,USA,1,3,Male,Yes,0.8984566491177881,Analytical,0.8940361364499587,0.3589222851824303
589,USA,1,4,Male,No,0.42125016029670814,Emotional,0.5917187490087236,0.3393712897376889
590,USA,0,4,Male,No,0.8307639501549895,Emotional,0.7931348871224867,0.5739153235444974
591,USA,1,6,Female,Yes,0.5855109362973308,Analytical,1.0,0.5121754576384662
592,USA,1,4,Male,Yes,0.7574335666640764,Analytical,0.9095518308528882,0.5125488562607643
593,USA,0,6,Female,No,0.7863808406855841,Emotional,0.7617856440671859,0.7405274383048225
594,USA,0,1,Female,No,0.5955348342053474,Emotional,0.5529283761226543,0.5231593142150005
595,USA,0,5,Male,No,0.6323250264118515,Emotional,0.715274316463183,0.5366689195061554
596,USA,0,5,Male,No,0.8864993180974297,Emotional,0.8601971658931843,0.3337603734335062
597,USA,1,7,Female,No,0.9170865388832681,Emotional,0.34846720786512686,0.34846720786512686
598,USA,1,2,Female,No,0.9877087121549266,Emotional,0.6872044124058005,0.6872044124058005
599,USA,1,4,Female,No,0.6745041173630308,Emotional,0.7039028584629705,0.2686062721659255
600,USA,1,2,Female,No,0.8485637932890313,Emotional,0.8016902853892425,0.6015255872971466
601,USA,1,1,Male,No,0.6103420389353021,Emotional,0.6626562557876969,0.05833283358515473
602,USA,1,0,Male,No,0.9869707710049624,Emotional,0.5909393940452311,0.4598521169191372
603,USA,1,6,Male,No,0.8804449304223604,Emotional,0.8528600007749534,0.6243542115416858
604,USA,0,1,Female,No,0.5232811729268301,Emotional,0.4450603314104545,0.4450603314104545
605,USA,0,9,Male,No,0.8481092041558246,Emotional,0.8138881410786004,0.4995440143666201
606,USA,1,1,Female,Yes,0.7773873203379812,Analytical,0.9280547265225506,0.6330048771533257
607,USA,0,3,Male,No,0.7590421140785111,Emotional,0.6848664093037377,0.4866255799715873
608,USA,0,3,Female,No,0.6911705438381542,Emotional,0.69241928296462,0.4729476074999184
609,USA,0,0,Female,No,0.7228791604163739,Emotional,0.6665490764891064,0.6665490764891064
610,USA,0,3,Female,No,0.8442261049195601,Emotional,0.8092327889534984,0.010611177552164008
611,USA,0,4,Male,No,0.5873971076059793,Emotional,0.5948079989554936,0.10773279647582967
612,USA,1,4,Female,No,0.8238108541536349,Emotional,0.6162859055802983,0.4190194497315509
613,USA,1,2,Female,No,0.7885799211818778,Emotional,0.7431169092892509,0.3504833360157136
614,USA,1,0,Female,No,0.6618176205977682,Emotional,0.7451816907761896,0.2326727090658096
615,USA,0,5,Male,No,0.649899393431621,Emotional,0.6091830861122072,0.5142056273016351
616,USA,1,7,Female,No,0.9906604329680704,Emotional,0.7593917806738866,0.2129156231867455
617,USA,1,3,Female,No,0.8613559100921525,Emotional,0.8298092991878883,0.37614033136924263
618,USA,1,2,Male,No,0.2903717128521833,Emotional,0.21315370359522517,0.21315370359522517
619,USA,1,4,Male,No,0.8662027193977337,Emotional,0.48392581114833544,0.35572480668270146
620,USA,1,3,Male,No,0.6975077381050505,Emotional,0.6669634211785707,0.6374355601901112
621,USA,0,3,Male,No,0.6289959136391365,Emotional,0.6148064908255038,0.5601570161187263
622,USA,1,0,Female,No,0.5091544629400335,Emotional,0.4300925735397865,0.4300925735397865
623,USA,1,4,Male,No,0.4590370498281118,Emotional,0.22544673854928077,0.18087381516760298
624,USA,0,4,Male,No,0.693869815481204,Emotional,0.6332825105015649,0.6332825105015649
625,USA,0,4,Female,No,0.9556553459951829,Emotional,0.767755354954279,0.012603551934262214
626,USA,0,4,Female,No,0.4937902108210435,Emotional,0.6555423310597508,0.41393113562754696
627,USA,1,2,Male,No,0.7079998124769916,Emotional,0.733453204538455,0.6259166913305307
628,USA,0,7,Male,No,0.9007896184239144,Emotional,0.8393473802797788,0.8022835842602944
629,USA,1,5,Female,No,0.740678095956369,Emotional,0.6039916381109833,0.1207157073072267
630,USA,1,5,Female,No,0.41725776620630955,Emotional,0.33535557916915115,0.1885229988811261
631,USA,0,4,Male,No,0.6665138952774635,Emotional,0.6278844509633746,0.030790237804467324
632,USA,0,4,Male,No,0.5701872769086426,Emotional,0.6728005322338868,0.49547517856997625
633,USA,0,0,Male,No,0.8521717485327827,Emotional,0.20743043975611297,0.014368911376550386
634,USA,1,5,Male,No,0.811890971724897,Emotional,0.7706765420294573,0.7706765420294573
635,USA,0,3,Male,No,0.7820860746584055,Emotional,0.7354754683160492,0.08264896370656061
636,USA,0,2,Male,No,0.37237568851742253,Emotional,0.1765308469342679,0.1765308469342679
637,USA,0,4,Female,No,0.3650595519218255,Emotional,0.2837622672711413,0.2837622672711413
638,USA,1,5,Male,No,0.6615163472601298,Emotional,0.7378769585811462,0.48000669271914376
639,USA,1,6,Male,No,0.4520579084914093,Emotional,0.37067439655910456,0.33377466478304996
640,USA,0,7,Female,No,0.5824568325789066,Emotional,0.5088381678652636,0.5088381678652636
641,USA,0,3,Female,Yes,0.7349793398937174,Emotional,0.6805247335281878,0.6640562647976367
642,USA,0,1,Male,No,0.8647498405307591,Emotional,0.8338983475617417,0.14327283870808571
643,USA,0,9,Male,No,0.5902295973783434,Emotional,0.5173402034645415,0.5173402034645415
644,USA,1,5,Female,No,0.5423417946258557,Emotional,0.4654160353912076,0.4654160353912076
645,USA,1,9,Male,No,0.6549556843142395,Emotional,0.5892029256383674,0.03929812784463138
646,USA,1,5,Male,No,0.7602169396898372,Emotional,0.7098587308753849,0.23153224712314113
647,USA,1,5,Female,No,0.7343093914960264,Emotional,0.5979592945187506,0.187606775377761
648,USA,0,3,Female,No,0.8554652307539072,Emotional,0.38392247629602666,0.3833292830749997
649,USA,1,5,Female,No,0.8341076757834689,Emotional,0.7971272341196511,0.3976258653074183
650,USA,1,5,Male,No,0.7633679784178782,Emotional,0.7135385194210071,0.7135385194210071
651,USA,1,7,Female,Yes,0.7400794955174206,Analytical,0.9844430045381343,0.37002854061689144
652,USA,0,1,Female,No,0.6953128221406304,Emotional,0.7049378087099467,0.5075058862594233
653,USA,0,9,Male,No,0.4684319396756109,Emotional,0.3698389680703419,0.3698389680703419
654,USA,0,9,Male,No,0.6495169573831067,Emotional,0.5830933889633684,0.5830933889633684
655,USA,0,2,Female,No,0.7894665205292799,Emotional,0.7441614126992765,0.5067533045003074
656,USA,0,5,Male,No,0.8968088484543841,Emotional,0.6791587749230145,0.6791587749230145
657,USA,0,4,Female,No,0.4126301453935895,Emotional,0.33071294228524073,0.33071294228524073
658,USA,1,3,Male,No,0.6827708687412779,Emotional,0.6289849334213978,0.6206456686808969
659,USA,1,5,Female,No,0.9542884174379651,Emotional,0.5826124140151298,0.5282276662572495
660,USA,0,8,Male,No,0.7927971191186465,Emotional,0.748087811964421,0.6978969024075923
661,USA,1,1,Female,Yes,0.8036432503686228,Analytical,0.9589991347416255,0.00010789518910314655
662,USA,0,1,Male,No,0.5378965250454347,Emotional,0.5831878656748359,0.1686949628219736
663,USA,0,4,Male,Yes,0.9094020836603762,Analytical,1.0,0.8880653619199069
664,USA,0,8,Female,No,0.7748440440738078,Emotional,0.7269723180271273,0.33463999758896534
665,USA,0,3,Male,No,0.8734651599617751,Emotional,0.8444170302854267,0.014075112522732525
666,USA,0,1,Male,No,0.9855960590284667,Emotional,0.7538477105806837,0.7538477105806837
667,USA,1,0,Male,No,0.836105586919075,Emotional,0.5882860565054531,0.5882860565054531
668,USA,0,5,Female,No,0.7388676548607587,Emotional,0.6850279928504431,0.6850279928504431
669,USA,1,6,Male,No,0.7937307117417909,Emotional,0.7075083868708981,0.7075083868708981
670,USA,0,3,Female,No,0.09097842201845197,Emotional,0.693653370178181,0.04589869011908859
671,USA,1,4,Female,No,0.5792759940436538,Emotional,0.5053670400814495,0.5053670400814495
672,USA,1,5,Female,No,0.798902356954194,Emotional,0.755295901452173,0.545317133331082
673,USA,0,4,Male,No,0.7124871705235614,Emotional,0.6919607388223995,0.4287331281648221
674,USA,1,5,Female,No,0.9336363106358476,Emotional,0.7837632066384336,0.42247500920075254
675,USA,1,4,Male,No,0.7681812016550075,Emotional,0.7191667401522357,0.15523467176535632
676,USA,1,9,Male,No,0.7967020548933115,Emotional,0.7526965434310041,0.3135061750526802
677,USA,0,2,Female,No,0.5617659432009532,Emotional,0.5688590938668677,0.47842780313177236
678,USA,0,0,Male,No,0.9216592666489305,Emotional,0.6070968180822472,0.5908175261756696
679,USA,0,8,Male,No,0.636213063523428,Emotional,0.5798097198191773,0.27129992443159573
680,USA,1,7,Male,No,0.8263100151974445,Emotional,0.787823208872804,0.47965697429754073
681,USA,1,8,Male,No,0.7881733357808116,Emotional,0.15455184774117928,0.15455184774117928
682,USA,0,1,Male,No,0.7661204809553707,Emotional,0.716756006038759,0.6210275552948588
683,USA,1,6,Male,No,0.6423563668788754,Emotional,0.5750691118558806,0.40493449565019546
684,USA,1,1,Male,No,0.8341648050162771,Emotional,0.797195480190471,0.5120773460312193
685,USA,0,7,Male,No,0.8210831444794167,Emotional,0.172808620238515,0.172808620238515
686,USA,0,1,Male,Yes,0.7214625965432059,Analytical,0.9111883141357432,0.6649167532841298
687,USA,1,2,Female,No,0.5378824201360434,Emotional,0.4606373910896848,0.4606373910896848
688,USA,0,2,Female,No,0.9472008868879129,Emotional,0.738977672986348,0.43493508280546744
689,USA,0,0,Female,No,0.753500740452323,Emotional,0.7020282751400344,0.3383128427039992
690,USA,0,6,Female,No,0.7124824895382421,Emotional,0.6545875547845856,0.6545875547845856
691,USA,0,7,Female,No,0.4378029107754971,Emotional,0.3561215917477457,0.3561215917477457
692,USA,1,6,Female,No,0.6897733359528502,Emotional,0.4365078608828158,0.4365078608828158
693,USA,0,1,Female,No,0.8385702420528105,Emotional,0.1514829819423792,0.1514829819423792
694,USA,1,4,Female,No,0.7182494262505922,Emotional,0.6612171505019252,0.6612171505019252
695,USA,1,1,Male,No,0.6044467014196357,Emotional,0.532963558266278,0.532963558266278
696,USA,0,2,Female,No,0.7466859791392448,Emotional,0.6941007210767951,0.004006793078588089
697,USA,0,2,Male,No,0.6949722193521666,Emotional,0.6148076906168808,0.5938598185666213
698,USA,0,7,Female,No,0.6225338672602447,Emotional,0.5305572426198705,0.4761236504099906
699,USA,0,8,Male,No,0.4889935422639895,Emotional,0.5557032811694262,0.4089111046944215
700,USA,1,3,Female,No,0.6736601733816138,Emotional,0.6243752072863936,0.4161882756397972
701,USA,0,9,Female,No,0.8663133850920397,Emotional,0.8357834762334484,0.8127448003806421
702,USA,1,5,Female,No,0.9363644708764696,Emotional,0.6818379282082394,0.038863250283611706
703,USA,1,9,Female,No,0.651385194149043,Emotional,0.32173677892349584,0.19601786654818804
704,USA,1,3,Male,No,0.7099623664787054,Emotional,0.6516946570626156,0.13779408453046926
705,USA,1,0,Male,No,0.8339606228977217,Emotional,0.7969515714322265,0.09903227039285412
706,USA,1,6,Female,No,0.7910710718588234,Emotional,0.5351769543585154,0.5351769543585154
707,USA,1,6,Female,No,0.8055066276319849,Emotional,0.3469444446364278,0.3469444446364278
708,USA,1,8,Male,No,0.3094093758486688,Emotional,0.23076335114908222,0.23076335114908222
709,USA,0,9,Female,No,0.6866282484052226,Emotional,0.6250317563070056,0.48598969377417234
710,USA,1,1,Male,No,0.483849321271097,Emotional,0.5167056272275022,0.4035410040355684
711,USA,1,6,Female,No,0.5021588509698631,Emotional,0.40194687526002526,0.40194687526002526
712,USA,0,4,Female,No,0.5747352734876717,Emotional,0.6123005888812167,0.25544625512247876
713,USA,0,8,Male,No,0.4479596295444174,Emotional,0.36647858001703987,0.36647858001703987
714,USA,1,0,Male,No,0.6562053158257622,Emotional,0.5906084826811641,0.24689138454414206
715,USA,1,2,Male,No,0.7259276987788326,Emotional,0.36638991176584834,0.049956022462538385
716,USA,0,9,Male,No,0.6411363167162563,Emotional,0.35701253418647133,0.35701253418647133
717,USA,0,6,Male,No,0.5979053517403372,Emotional,0.3327375577527164,0.23929248256263122
718,USA,1,9,Female,No,0.9805152872168037,Emotional,0.1699918594418932,0.09742402774931742
719,USA,1,5,Female,No,0.7449148548751997,Emotional,0.7346566222559341,0.2389624428433308
720,USA,1,3,Male,No,0.4460646233848534,Emotional,0.3645417103216181,0.1990730578208968
721,USA,1,1,Male,No,0.7243102282873224,Emotional,0.7062050177332548,0.6380794975975732
722,USA,1,6,Female,No,0.5337649203807272,Emotional,0.4562338822914687,0.13956806276564748
723,USA,1,8,Male,No,0.7644960058217924,Emotional,0.7148567559150127,0.3134361404418087
724,USA,0,3,Male,No,0.6469599154612056,Emotional,0.5802253734046319,0.5699071966519114
725,USA,1,2,Male,No,0.29301393174318946,Emotional,0.20456960944708433,0.20456960944708433
726,USA,1,5,Male,No,0.6604098002722084,Emotional,0.5953424999210349,0.5953424999210349
727,USA,0,2,Male,No,0.9003866695056786,Emotional,0.7113317587179095,0.032093346798319544
728,USA,1,3,Female,No,0.6986105977502391,Emotional,0.6386956552503404,0.29434174444577366
729,USA,0,1,Male,No,0.8274339247117335,Emotional,0.789162888404174,0.34551822713274305
730,USA,0,8,Female,No,0.7063962683032514,Emotional,0.42981441287504,0.3678764814976603
731,USA,0,8,Female,No,0.428107477838611,Emotional,0.3462908506928691,0.3462908506928691
732,USA,0,1,Female,No,0.701594858163844,Emotional,0.6296827031716813,0.5760389082879556
733,USA,1,4,Male,No,0.7371409947190085,Emotional,0.6830275249594933,0.38524347935072
734,USA,0,0,Female,No,0.7620649769718978,Emotional,0.7120164106693965,0.20024822392042552
735,USA,1,3,Female,No,0.8664412993812121,Emotional,0.8359377371282529,0.42376532201251393
736,USA,1,6,Female,No,0.45556811543690867,Emotional,0.3742757170097075,0.3742757170097075
737,USA,1,8,Male,No,0.5564622567950981,Emotional,0.49215761786060286,0.48061203407825603
738,USA,1,6,Male,No,0.8302959489217449,Emotional,0.7925764222849608,0.21856251841109042
739,USA,0,0,Female,No,0.8306339721152765,Emotional,0.7929797767243644,0.6324411435052752
740,USA,0,1,Female,No,0.6241148131521186,Emotional,0.5221459210241957,0.4052646787486367
741,USA,0,2,Female,No,0.8950712248852142,Emotional,0.7585689428350634,0.6151991703454406
742,USA,1,3,Male,Yes,0.7362517318579194,Analytical,0.9763393919771807,0.3360490452969316
743,USA,1,0,Female,No,0.6592050137578553,Emotional,0.5791248551138415,0.14572249990799518
744,USA,1,5,Female,No,0.8006887832405074,Emotional,0.7574076385293499,0.5451912795215321
745,USA,1,2,Male,No,0.51053767094254,Emotional,0.6221858520368461,0.16835284187404767
746,USA,1,5,Female,No,0.7451751371481805,Emotional,0.4646123824914119,0.4646123824914119
747,USA,1,7,Female,Yes,0.8554325545490872,Analytical,0.9766275321817557,0.42841636397861294
748,USA,1,5,Female,No,0.8939337538642919,Emotional,0.8692239219112919,0.22609964868297538
749,USA,1,4,Male,Yes,0.7555994942976052,Analytical,0.9385735423599727,0.7044733576233553
750,USA,0,4,Female,No,0.8953795350149965,Emotional,0.8709815486886939,0.2979498580143627
751,USA,0,2,Male,No,0.7668990855949638,Emotional,0.7176666663772114,0.7047537702746922
752,USA,1,8,Male,No,0.9864590987090196,Emotional,0.6788515337564044,0.40456034589351475
753,USA,0,1,Male,No,0.6922944152515149,Emotional,0.6314857215312295,0.3088621887454792
754,USA,0,0,Male,No,0.7198856454673747,Emotional,0.7401283821803738,0.21139802315065026
755,USA,0,6,Male,No,0.40349294211372716,Emotional,0.321584366701742,0.321584366701742
756,USA,0,2,Male,No,0.5358748215109828,Emotional,0.45848928422648794,0.45848928422648794
757,USA,1,5,Female,No,0.9627235599809865,Emotional,0.7498578135191265,0.721371722411277
758,USA,1,3,Female,No,0.7385992549080489,Emotional,0.6847169541781882,0.6847169541781882
759,USA,1,6,Male,No,0.5719898893851666,Emotional,0.49743397011782536,0.12145706982482807
760,USA,1,9,Male,Yes,0.9644203871659889,Analytical,1.0,0.6348642727853075
761,USA,1,5,Male,No,0.7536320539763774,Emotional,0.7021812076620694,0.7021812076620694
762,USA,0,7,Male,No,0.7576570203841153,Emotional,0.7068720578558322,0.37148286932188057
763,USA,1,4,Female,No,0.6679182847628908,Emotional,0.23998989347120211,0.23998989347120211
764,USA,0,2,Female,Yes,0.8024410981023067,Analytical,0.9369155006273104,0.20637396362417348
765,USA,0,9,Male,No,0.5814638461976119,Emotional,0.7092639112638427,0.4130556452928431
766,USA,0,4,Female,No,0.8454527789308486,Emotional,0.16366236789677266,0.12804939505245966
767,USA,0,3,Male,No,0.5408384025318823,Emotional,0.46380390588086556,0.27319652225560276
768,USA,1,5,Male,No,0.550457221883217,Emotional,0.7533887416481413,0.47413767684302316
769,USA,0,1,Female,No,0.8477133325040995,Emotional,0.6683021379051933,0.29913281536937575
770,USA,1,4,Male,No,0.8561708382694633,Emotional,0.7605565999518331,0.6891440852017621
771,USA,1,4,Male,No,0.6105240030665411,Emotional,0.5396701893767016,0.5396701893767016
772,USA,0,7,Male,No,0.6420575700335863,Emotional,0.5747347592028788,0.058677619437730755
773,USA,1,3,Female,No,0.8105192519378761,Emotional,0.7356639606815588,0.4367198850859495
774,USA,1,2,Female,No,0.8014267081229665,Emotional,0.758280284566757,0.758280284566757
775,USA,1,3,Female,No,0.8387230997461546,Emotional,0.8026445393870965,0.26473911095126823
776,USA,1,3,Female,No,0.92601905542233,Emotional,0.5924192611250146,0.4893655627787042
777,USA,0,2,Female,No,0.5174109593958884,Emotional,0.43882820076113505,0.05383983118736069
778,USA,0,8,Male,No,0.9745153109015519,Emotional,0.7020063607570773,0.13678232489121173
779,USA,1,8,Male,No,0.6409875954732343,Emotional,0.5539910736068031,0.39547878382654744
780,USA,1,2,Female,Yes,0.6519860503201643,Analytical,0.9763633412788659,0.34471221613148373
781,USA,1,9,Male,No,0.8336052328029065,Emotional,0.7965270705655091,0.5413244786723226
782,USA,0,7,Male,No,0.6266435922146899,Emotional,0.5575396445934868,0.19675591554096172
783,USA,0,0,Male,No,0.788819055198245,Emotional,0.743398604368432,0.22179583063825703
784,USA,1,1,Male,No,0.9577077503263354,Emotional,0.5780086437012288,0.48042338668710727
785,USA,0,4,Female,No,0.9914759398470778,Emotional,0.6334693546633935,0.055959320689908054
786,USA,0,8,Male,No,0.4530854117584422,Emotional,0.37172784927159913,0.37172784927159913
787,USA,1,1,Male,Yes,0.6875704262811269,Analytical,0.8894237362688455,0.5881485718377897
788,USA,1,4,Male,No,0.5764102236255138,Emotional,0.6536843591169236,0.3368218154028
789,USA,0,2,Female,No,0.3665049048041295,Emotional,0.6832394049831966,0.28516730990752437
790,USA,1,1,Female,No,0.6474198659997203,Emotional,0.6698079730807877,0.5552994539448264
791,USA,0,8,Female,No,0.6084739089198291,Emotional,0.5374059255845774,0.0719431678253386
792,USA,1,0,Female,Yes,0.7587261009418402,Analytical,1.0,0.018029274431683007
793,USA,1,3,Female,No,0.5178715368349103,Emotional,0.4393165380523533,0.17135391811734735
794,USA,1,1,Female,No,0.8083407580682221,Emotional,0.7664663566143649,0.27324257835971366
795,USA,1,2,Male,No,0.7158115664325454,Emotional,0.6584129884373157,0.6584129884373157
796,USA,1,6,Male,No,0.6917804685152095,Emotional,0.6308997715810316,0.5073650226068054
797,USA,1,4,Male,No,0.5718540593578316,Emotional,0.4972863178925126,0.4972863178925126
798,USA,1,2,Male,No,0.6374908589887411,Emotional,0.5823520246984482,0.4461518699581575
799,USA,0,0,Male,No,0.51218313301094,Emotional,0.4332929177453023,0.3747952435451225
800,USA,0,3,Female,No,0.7814840482438296,Emotional,0.7347678527144639,0.2813550298405971
801,USA,0,1,Female,No,0.5443604121124878,Emotional,0.46758241288695046,0.021480011488165474
802,USA,0,6,Female,No,0.12834460267822523,Emotional,0.07681959484382082,0.07681959484382082
803,USA,1,3,Female,Yes,0.824600996600207,Analytical,1.0,0.5456489062180481
804,USA,0,1,Male,No,0.720277336723484,Emotional,0.7628941926311564,0.5341738242713516
805,USA,0,9,Female,No,0.6003630996350539,Emotional,0.5802263087886604,0.5284665326019888
806,USA,0,0,Male,No,0.8344611399052762,Emotional,0.7975494979488565,0.7975494979488565
807,USA,1,2,Female,Yes,0.8926313695961777,Analytical,1.0,0.5194158771228103
808,USA,0,4,Female,No,0.8902470806497149,Emotional,0.6255021631054626,0.1029894739649535
809,USA,0,1,Female,No,0.7021357728307702,Emotional,0.6427267499053205,0.388168891307032
810,USA,0,4,Male,No,0.725444544674118,Emotional,0.6695072340804157,0.5450601893671774
811,USA,1,9,Male,No,0.366289091127328,Emotional,0.3004560592966891,0.0018219200883322628
812,USA,1,3,Male,No,0.728916942247856,Emotional,0.6735154395116449,0.3670137245899241
813,USA,0,7,Male,No,0.5838465803026338,Emotional,0.2837898335626602,0.24267095046070608
814,USA,1,5,Female,Yes,0.9173736515760137,Analytical,0.9055146495095141,0.897806670810399
815,USA,1,4,Female,No,0.7447134306638816,Emotional,0.6918094384251803,0.10949468768831139
816,USA,1,2,Male,No,0.7059765201665507,Emotional,0.6471244688818034,0.6471244688818034
817,USA,0,3,Male,Yes,0.6807383930546375,Analytical,0.9577960900545623,0.6183371023040233
818,USA,1,8,Female,No,0.3447705968146429,Emotional,0.2641878106304163,0.2641878106304163
819,USA,1,7,Female,No,0.581283414541793,Emotional,0.5075571084475206,0.04965832469952147
820,USA,1,3,Female,No,0.40503749439161046,Emotional,0.7228175459205887,0.3231238648475215
821,USA,0,3,Male,No,0.5923511698053273,Emotional,0.561604563713463,0.5196657125242073
822,USA,1,8,Female,No,0.6779636743222881,Emotional,0.615188248607781,0.20931180251136539
823,USA,0,2,Male,No,0.6292991933832326,Emotional,0.5630201787007718,0.317702583224091
824,USA,0,9,Female,No,0.50728065624482,Emotional,0.1332608452164638,0.1332608452164638
825,USA,0,4,Male,No,0.7553248448184604,Emotional,0.7044330720390098,0.2918392569890784
826,USA,0,7,Female,No,0.5601560848799636,Emotional,0.18866770979493985,0.18866770979493985
827,USA,1,5,Male,No,0.6072644346836875,Emotional,0.690218309882348,0.5360709935629221
828,USA,0,4,Male,No,0.8091287317020247,Emotional,0.7674004132737781,0.26205772106641234
829,USA,0,8,Female,No,0.6227496721121497,Emotional,0.480855959915525,0.480855959915525
830,USA,0,9,Female,No,0.6943215948684914,Emotional,0.6337979661023994,0.6337979661023994
831,USA,0,3,Male,No,0.8206210050405623,Emotional,0.7810490104453535,0.46082128323905636
832,USA,0,0,Female,No,0.7607049117600357,Emotional,0.7104283364130262,0.19615717549368128
833,USA,1,7,Male,No,0.7721289387363868,Emotional,0.5117803738412353,0.5117803738412353
834,USA,1,7,Male,No,0.5128597089769755,Emotional,0.09174184054860801,0.09174184054860801
835,USA,0,5,Male,Yes,0.9586457817249538,Emotional,0.8718608395923194,0.8473922258162929
836,USA,0,1,Female,No,0.4208430914387156,Emotional,0.6098436017802851,0.3389614062372243
837,USA,1,3,Female,No,0.5577320860020336,Emotional,0.4487163270190207,0.3928125150177948
838,USA,1,4,Male,No,0.80005530749361,Emotional,0.7566586710150554,0.6524877582096451
839,USA,0,6,Female,No,0.8552872333029882,Emotional,0.428281405847869,0.428281405847869
840,USA,0,0,Female,No,0.7557552946449544,Emotional,0.7046549353365035,0.7046549353365035
841,USA,1,5,Male,No,0.6421217694254092,Emotional,0.5790788616054852,0.5172440220576391
842,USA,1,0,Female,No,0.7619853808823525,Emotional,0.711923451106001,0.3765169016123764
843,USA,1,9,Female,No,0.5336625684940373,Emotional,0.27235670825197034,0.27235670825197034
844,USA,1,6,Male,No,0.6024771784704398,Emotional,0.5307936893743526,0.31851111649120867
845,USA,1,8,Female,No,0.595704537799077,Emotional,0.5233456701861497,0.5233456701861497
846,USA,0,4,Male,No,0.8555245390532842,Emotional,0.8227930008551636,0.23940650618169457
847,USA,0,8,Male,Yes,0.9313651735024188,Analytical,1.0,0.4625348778345142
848,USA,1,6,Female,No,0.9077644355475059,Emotional,0.6631350398722846,0.6214675462269952
849,USA,0,5,Female,Yes,0.9479709219455323,Analytical,1.0,0.6066584189356945
850,USA,1,1,Female,No,0.816131702535468,Emotional,0.7757116436475197,0.7108110076032972
851,USA,1,6,Male,No,0.5005191111661743,Emotional,0.4209939268199725,0.4209939268199725
852,USA,1,4,Female,No,0.7488650017453187,Emotional,0.6973378290198645,0.46751968029002455
853,USA,0,8,Female,No,0.4170074391411656,Emotional,0.33510410906985727,0.33510410906985727
854,USA,1,1,Female,Yes,0.9323186710498703,Analytical,0.8925768461008922,0.5904008053529617
855,USA,0,1,Male,No,0.8341040955565071,Emotional,0.7971229572514373,0.7971229572514373
856,USA,1,3,Female,No,0.4351368480807406,Emotional,0.5476642861076106,0.10859477376743598
857,USA,1,3,Male,No,0.8173948492085401,Emotional,0.45982646247077114,0.45982646247077114
858,USA,1,8,Female,No,0.6972943057524786,Emotional,0.6371917561438837,0.45087154647899297
859,USA,1,4,Male,No,0.85262703767083,Emotional,0.8193111695281843,0.4397391472512311
860,USA,0,9,Male,No,0.5885769754159248,Emotional,0.5155301698322327,0.5155301698322327
861,USA,1,9,Male,No,0.6330244177279383,Emotional,0.305359653016937,0.2407083192092614
862,USA,1,1,Female,No,0.9926535728855015,Emotional,0.15894801145364393,0.15894801145364393
863,USA,0,0,Female,No,0.6606216009885665,Emotional,0.656177695996139,0.35627518782985135
864,USA,0,4,Male,No,0.26616846612294925,Emotional,0.566009686083562,0.19118145051120897
865,USA,0,9,Female,No,0.6622850953308906,Emotional,0.5974564124631225,0.3013408050128419
866,USA,1,5,Female,No,0.6133149600229931,Emotional,0.6114116391680909,0.29293076078283775
867,USA,0,6,Male,No,0.7572073336890092,Emotional,0.7063476659401107,0.7063476659401107
868,USA,1,3,Male,No,0.23986893506703008,Emotional,0.6262366068987195,0.16786784251120876
869,USA,1,0,Male,No,0.8966123730451727,Emotional,0.5085792766579891,0.5085792766579891
870,USA,1,0,Female,No,0.7284325012384093,Emotional,0.6729559598058016,0.520336368081189
871,USA,1,4,Female,No,0.5198350478337066,Emotional,0.6114068593001503,0.0005216363870204077
872,USA,1,9,Male,No,0.6402531966278637,Emotional,0.572716498673475,0.2048741818180133
873,USA,1,8,Male,No,0.5982750691629373,Emotional,0.5261700596691726,0.013963539432552352
874,USA,1,5,Female,Yes,0.7008458784539471,Analytical,1.0,0.45465880503376965
875,USA,1,0,Male,No,0.7882980126323673,Emotional,0.1690809524130227,0.1690809524130227
876,USA,0,1,Female,No,0.8980983498995556,Emotional,0.3903586602137591,0.3903586602137591
877,USA,0,5,Female,No,0.8576668755595165,Emotional,0.6437276966005812,0.6326390513374315
878,USA,1,0,Female,No,0.6858062921019297,Emotional,0.5933901722154352,0.36663920512773984
879,USA,1,0,Male,No,0.8432694520119111,Emotional,0.808086702009715,0.808086702009715
880,USA,0,8,Male,No,0.6464003648186292,Emotional,0.5795981506720224,0.5795981506720224
881,USA,0,1,Male,No,0.5243496244328606,Emotional,0.6764849463931387,0.4461965434315068
882,USA,1,6,Male,No,0.8904105504234394,Emotional,0.32615136511363724,0.32615136511363724
883,USA,1,6,Female,No,0.8346967477991711,Emotional,0.49294892438319654,0.49294892438319654
884,USA,1,7,Male,No,0.5539236809760396,Emotional,0.47787291400656773,0.47787291400656773
885,USA,0,6,Female,No,0.7085632595302707,Emotional,0.6500897026143329,0.587819748482616
886,USA,0,8,Female,No,0.5932989432271825,Emotional,0.4103243591210238,0.4103243591210238
887,USA,1,4,Male,No,0.7895503666125773,Emotional,0.7442602070219172,0.41198738086315245
888,USA,1,9,Male,No,0.8406819245276196,Emotional,0.8049884278825735,0.7276136032196661
889,USA,0,1,Female,No,0.7242604770659553,Emotional,0.6681415541839741,0.18384841467468505
890,USA,0,7,Male,Yes,0.9968351174484269,Analytical,1.0,0.36581485012447956
891,USA,0,3,Female,Yes,0.9307451818778367,Analytical,0.944654897999517,0.7091217224005959
892,USA,1,7,Female,No,0.5464777843123761,Emotional,0.48622675829001316,0.46985693285476393
893,USA,1,3,Male,No,0.7070357223474275,Emotional,0.6163330935131489,0.3413081767138753
894,USA,1,1,Male,No,0.6019328623392801,Emotional,0.5333278522245746,0.4680874736768601
895,USA,1,6,Male,No,0.8095142284755996,Emotional,0.76785746044631,0.022403122037758294
896,USA,1,2,Female,No,0.8481756753199079,Emotional,0.6637780742277951,0.34762368644805974
897,USA,0,2,Female,No,0.8067694169494644,Emotional,0.6110012549932798,0.41266890658037725
898,USA,0,9,Male,No,0.3862084758942753,Emotional,0.3044579024133646,0.025275189134845277
899,USA,1,0,Female,No,0.5679285233790262,Emotional,0.49302291064334797,0.07853506496303453
900,USA,0,6,Male,No,0.5640821018510681,Emotional,0.48885256683821643,0.48885256683821643
901,USA,0,1,Male,No,0.7767184494351019,Emotional,0.7291712324620743,0.7291712324620743
902,USA,1,6,Male,No,0.8673159933795761,Emotional,0.8369927450788627,0.5144000163854798
903,USA,1,0,Male,No,0.6141894309470719,Emotional,0.5437232741914552,0.5437232741914552
904,USA,1,4,Male,No,0.5874503054909868,Emotional,0.5665392809955302,0.002928712084212748
905,USA,1,9,Female,No,0.7890871430672632,Emotional,0.44663980330019903,0.21579043389829167
906,USA,1,1,Female,No,0.6919423852812986,Emotional,0.7639855627593353,0.4573908871088861
907,USA,1,9,Male,No,0.36302616216356154,Emotional,0.28178794216828823,0.28178794216828823
908,USA,0,5,Male,No,0.45469165915510396,Emotional,0.42305052081203026,0.3733758587706435
909,USA,0,5,Female,No,0.7945894325845004,Emotional,0.7502024553519109,0.5873743371539604
910,USA,0,4,Female,No,0.8864735150646844,Emotional,0.8601658691758182,0.31021053790482256
911,USA,0,7,Male,No,0.44479012730243994,Emotional,0.266872385323852,0.266872385323852
912,USA,1,9,Female,No,0.4374001392909845,Emotional,0.3557121063376214,0.2917643935134038
913,USA,1,0,Female,No,0.722311741012026,Emotional,0.6658951363427117,0.028925731538038235
914,USA,0,8,Female,No,0.6873941200116257,Emotional,0.6259033356518872,0.6259033356518872
915,USA,1,8,Female,Yes,0.7909908204369374,Emotional,0.7692655059453865,0.6475532555086829
916,USA,1,7,Male,No,0.7433563292825841,Emotional,0.7632762973628087,0.6902339304056256
917,USA,0,8,Male,No,0.6403742082157644,Emotional,0.5728518103177551,0.5728518103177551
918,USA,0,4,Male,No,0.8202868394985946,Emotional,0.7806514664242777,0.2811977979408766
919,USA,1,4,Female,No,0.3998815251012903,Emotional,0.3179905213437604,0.20952063170989277
920,USA,1,6,Female,No,0.9530959958829044,Emotional,0.5744614453322537,0.1808294128777561
921,USA,0,5,Male,No,0.9480857592898246,Emotional,0.35070795103193003,0.35070795103193003
922,USA,1,2,Female,No,0.30404428471568995,Emotional,0.2257725068644961,0.08937223175053077
923,USA,0,1,Male,No,0.820208419834216,Emotional,0.7805581794003582,0.49381580333374586
924,USA,0,0,Male,Yes,0.9842159668328295,Analytical,1.0,0.8196075028208725
925,USA,0,8,Female,No,0.5887763393475325,Emotional,0.43269542507941156,0.01692032867413218
926,USA,0,3,Male,No,0.5466174532402874,Emotional,0.7211981388627465,0.013707847594560008
927,USA,0,8,Female,No,0.7871829912134367,Emotional,0.7414717806741624,0.6737948646959921
928,USA,1,2,Female,Yes,0.6946173016449393,Analytical,1.0,0.03882412967142557
929,USA,0,9,Male,No,0.5315932978164531,Emotional,0.45391482905565655,0.444385388424962
930,USA,1,8,Male,No,0.9423889458712438,Emotional,0.36194495400726184,0.36194495400726184
931,USA,1,3,Female,No,0.713381874755129,Emotional,0.6556205963765854,0.3780430481656367
932,USA,0,8,Female,Yes,0.9322931522983506,Analytical,1.0,0.34161039142145455
933,USA,0,9,Male,No,0.8963439241369997,Emotional,0.33940869131156615,0.030513024070387473
934,USA,1,9,Male,No,0.5889878506013313,Emotional,0.5159800622063072,0.2619618416756566
935,USA,0,4,Male,No,0.8542060506952112,Emotional,0.6818289982358148,0.4497109298636133
936,USA,0,0,Male,No,0.7487764296156456,Emotional,0.7678953484298472,0.36220229713900093
937,USA,1,4,Female,No,0.5073095025596415,Emotional,0.5245817229615295,0.13280549581395462
938,USA,1,7,Female,No,0.5301288452133887,Emotional,0.45235229127362664,0.45235229127362664
939,USA,0,7,Male,No,0.9764234034037145,Emotional,0.5431837656797808,0.5431837656797808
940,USA,0,1,Female,No,0.7022573080746486,Emotional,0.7328538382513581,0.642865817813151
941,USA,1,2,Male,No,0.6764525314268044,Emotional,0.6134747014290651,0.6134747014290651
942,USA,1,4,Female,No,0.5754768546449593,Emotional,0.7547726757149213,0.2738792496993483
943,USA,1,5,Male,No,0.7920052614545057,Emotional,0.7107994054204756,0.3198197037864708
944,USA,1,6,Male,No,0.6906856011168699,Emotional,0.6296518777151827,0.5502125390949004
945,USA,1,4,Female,No,0.7630631074286068,Emotional,0.7131823243429651,0.6712047452365368
946,USA,1,1,Female,No,0.8702666751224809,Emotional,0.8405536568518506,0.8405536568518506
947,USA,0,4,Male,No,0.6857352088521983,Emotional,0.624015763837378,0.624015763837378
948,USA,0,5,Male,No,0.70731079442794,Emotional,0.6054691601824743,0.2967419498854724
949,USA,0,5,Female,No,0.8670250653257517,Emotional,0.8366418140724625,0.2043285582867611
950,USA,1,1,Male,No,0.7950229985702981,Emotional,0.750714173157938,0.750714173157938
951,USA,0,4,Female,No,0.33678836086812897,Emotional,0.2565643691495158,0.2565643691495158
952,USA,1,9,Male,No,0.6817713062300754,Emotional,0.6961073629484054,0.5507595542522884
953,USA,1,1,Male,Yes,0.9555544580753121,Analytical,0.923006069255007,0.8129115088249819
954,USA,0,4,Female,No,0.6452852705451733,Emotional,0.3558374029801935,0.3558374029801935
955,USA,1,7,Female,No,0.7957866358046886,Emotional,0.5678988436380132,0.289429335360442
956,USA,1,1,Female,Yes,0.5437389527516303,Analytical,1.0,0.1786095231273066
957,USA,1,2,Female,No,0.6341139302694501,Emotional,0.39756541477319673,0.39756541477319673
958,USA,0,3,Male,Yes,0.8919765451968451,Analytical,0.9570258106483561,0.14225002587500057
959,USA,1,1,Female,No,0.5238401359661837,Emotional,0.6319696526381631,0.44565467126184316
960,USA,1,3,Male,No,0.7727390350855785,Emotional,0.5363035166931825,0.37848849385773065
961,USA,1,6,Female,No,0.6551887435525714,Emotional,0.49492313053679843,0.49492313053679843
962,USA,0,1,Male,No,0.630916504680031,Emotional,0.6867221503860128,0.23959962333356088
963,USA,0,5,Female,No,0.8576270514127128,Emotional,0.8253213671927078,0.4015242149716869
964,USA,0,7,Female,No,0.6802845902022939,Emotional,0.6178218901511668,0.6178218901511668
965,USA,1,9,Female,No,0.9586780932240799,Emotional,0.34737985202053834,0.34737985202053834
966,USA,0,9,Male,No,0.6081013743367107,Emotional,0.5369946775310709,0.4612929412833182
967,USA,2,4,Female,No,0.47496433219528833,Emotional,0.6814204439084097,0.3942995182626735
968,USA,1,8,Female,No,0.8121584318553183,Emotional,0.7709939087431982,0.07548034314822871
969,USA,1,0,Female,No,0.8834517151244654,Emotional,0.6476702192988911,0.3233306451811586
970,USA,1,0,Female,No,0.7558461978014748,Emotional,0.5783538157850491,0.07286747674154981
971,USA,1,7,Male,No,0.6015048597610075,Emotional,0.48419389402765634,0.48419389402765634
972,USA,1,1,Male,No,0.7413446909932722,Emotional,0.7050469465876086,0.21588053305185895
973,USA,1,7,Male,No,0.6699044547676749,Emotional,0.29358446188100057,0.04164773138381861
974,USA,0,7,Female,No,0.9733353273368266,Emotional,0.6129675371567853,0.4224681538535151
975,USA,1,9,Male,No,0.8230166117973745,Emotional,0.7839001569418446,0.42843768781494873
976,USA,0,1,Male,No,0.7918114324626748,Emotional,0.7469253683801784,0.7469253683801784
977,USA,0,4,Male,No,0.8949024706353157,Emotional,0.7429953167105123,0.2978698504557542
978,USA,0,6,Female,No,0.9107213595780195,Emotional,0.32804127904477537,0.32804127904477537
979,USA,0,9,Female,No,0.8841395937215566,Emotional,0.586118872704844,0.1927355085772433
980,USA,0,6,Female,No,0.44249098616910487,Emotional,0.2404855916867792,0.22819649433083242
981,USA,1,5,Male,No,0.7357300831470104,Emotional,0.6813937453155899,0.6813937453155899
982,USA,0,5,Female,No,0.17022491341254192,Emotional,0.1093399579224547,0.1093399579224547
983,USA,0,2,Male,No,0.6866280977510542,Emotional,0.7218683985755343,0.30978624190364257
984,USA,0,3,Male,No,0.7399036849379974,Emotional,0.6862288742755999,0.323631407512039
985,USA,0,9,Female,No,0.7262843680035791,Emotional,0.7078020991917948,0.20590082921626163
986,USA,0,4,Male,No,0.6168039533996497,Emotional,0.5466180088327115,0.5302435025105297
987,USA,1,5,Male,No,0.8245610725708842,Emotional,0.7857394073449977,0.7857394073449977
988,USA,1,9,Female,No,0.5893338874596179,Emotional,0.5163590200021478,0.4139663897421997
989,USA,0,9,Female,No,0.6934131449251494,Emotional,0.6327615596084877,0.6327605832411791
990,USA,1,4,Female,No,0.5535024231376234,Emotional,0.5610457127611517,0.4774186804692994
991,USA,1,5,Female,No,0.4113311264967492,Emotional,0.3294120400826818,0.3294120400826818
992,USA,0,7,Male,No,0.9412709396538048,Emotional,0.806621148412687,0.5528420424489013
993,USA,0,4,Female,No,0.8094106494604092,Emotional,0.767734651228363,0.044466867412666033
994,USA,1,1,Male,No,0.8608423180705351,Emotional,0.8291908677397436,0.4677547178334862
995,USA,1,8,Female,No,0.728105380036536,Emotional,0.6725782209568257,0.5656893691857476
996,USA,1,7,Female,No,0.8892887837282615,Emotional,0.7805572359977059,0.30105915533567895
997,USA,1,8,Male,No,0.5335075031694041,Emotional,0.4559588656864869,0.18018406152805255
998,USA,0,1,Female,Yes,0.9942137292546249,Analytical,0.8550129837819441,0.4410152535215926
999,USA,1,4,Female,Yes,0.6626244153190847,Analytical,1.0,0.004696932279330213
1000,USA,1,7,Female,No,0.8432894426975494,Emotional,0.8081106478775791,0.569836503352235
