no_atbat,no_hits,no_home,no_runs,no_rbi,no_bb,yr_major,cr_atbat,cr_hits,cr_home,cr_runs,cr_rbi,cr_bb,no_outs,no_assts,no_error,logsalar,league_American,league_National,division_East,division_West,team_Atlanta,team_Baltimore,team_Boston,team_California,team_Chicago,team_Cincinnati,team_Cleveland,team_Detroit,team_Houston,team_KansasCity,team_LosAngeles,team_Milwaukee,team_Minneapolis,team_Montreal,team_NewYork,team_Oakland,team_Philadelphia,team_Pittsburgh,team_SanDiego,team_SanFrancisco,team_Seattle,team_StLouis,team_Texas,team_Toronto,position_1B,position_2B,position_3B,position_C,position_CF,position_DH,position_LF,position_OF,position_RF,position_SS,position_UT
293,66,1,30,29,14,1,293,66,1,30,29,14,446,33,20,,1,0,1,0,0,0,0,0,0,0,1,0,0,0,0,0,0,0,0,0,0,0,0,0,0,0,0,0,0,0,0,1,0,0,0,0,0,0,0
315,81,7,24,38,39,14,3449,835,69,321,414,375,632,43,10,6.163314804,0,1,0,1,0,0,0,0,0,0,0,0,1,0,0,0,0,0,0,0,0,0,0,0,0,0,0,0,0,0,0,1,0,0,0,0,0,0,0
479,130,18,66,72,76,3,1624,457,63,224,266,263,880,82,14,6.1737861039,1,0,0,1,0,0,0,0,0,0,0,0,0,0,0,0,0,0,0,0,0,0,0,0,1,0,0,0,1,0,0,0,0,0,0,0,0,0,0
496,141,20,65,78,37,11,5628,1575,225,828,838,354,200,11,3,6.2146080984,0,1,1,0,0,0,0,0,0,0,0,0,0,0,0,0,0,1,0,0,0,0,0,0,0,0,0,0,0,0,0,0,0,0,0,0,1,0,0
321,87,10,39,42,30,2,396,101,12,48,46,33,805,40,4,4.5163389723,0,1,1,0,0,0,0,0,0,0,0,0,0,0,0,0,0,1,0,0,0,0,0,0,0,0,0,0,1,0,0,0,0,0,0,0,0,0,0
594,169,4,74,51,35,11,4408,1133,19,501,336,194,282,421,25,6.6200732065,1,0,0,1,0,0,0,0,0,0,0,0,0,0,0,0,0,0,0,1,0,0,0,0,0,0,0,0,0,0,0,0,0,0,0,0,0,1,0
185,37,1,23,8,21,2,214,42,1,30,9,24,76,127,7,4.248495242,0,1,1,0,0,0,0,0,0,0,0,0,0,0,0,0,0,1,0,0,0,0,0,0,0,0,0,0,0,1,0,0,0,0,0,0,0,0,0
298,73,0,24,24,7,3,509,108,0,41,37,12,121,283,9,4.605170186,1,0,0,1,0,0,0,0,0,0,0,0,0,1,0,0,0,0,0,0,0,0,0,0,0,0,0,0,0,0,0,0,0,0,0,0,0,1,0
323,81,6,26,32,8,2,341,86,6,32,34,8,143,290,19,4.3174881135,0,1,0,1,1,0,0,0,0,0,0,0,0,0,0,0,0,0,0,0,0,0,0,0,0,0,0,0,0,0,0,0,0,0,0,0,0,1,0
401,92,17,49,66,65,13,5206,1332,253,784,890,866,0,0,0,7.0030654588,1,0,1,0,0,0,0,0,0,0,1,0,0,0,0,0,0,0,0,0,0,0,0,0,0,0,0,0,0,0,0,0,0,1,0,0,0,0,0
574,159,21,107,75,59,10,4631,1300,90,702,504,488,238,445,22,6.248319432,1,0,1,0,0,0,0,0,0,0,0,1,0,0,0,0,0,0,0,0,0,0,0,0,0,0,0,0,0,0,0,0,0,0,0,0,0,1,0
202,53,4,31,26,27,9,1876,467,15,192,186,161,304,45,11,6.239300711,0,1,0,1,0,0,0,0,0,0,0,0,0,0,1,0,0,0,0,0,0,0,0,0,0,0,0,0,0,0,0,1,0,0,0,0,0,0,0
418,113,13,48,61,47,4,1512,392,41,205,204,203,211,11,7,6.3099182782,0,1,1,0,0,0,0,0,0,0,0,0,0,0,0,0,0,0,0,0,0,0,0,0,0,1,0,0,0,0,0,0,0,0,0,0,1,0,0
239,60,0,30,11,22,6,1941,510,4,309,103,207,121,151,6,6.551080335,1,0,1,0,0,1,0,0,0,0,0,0,0,0,0,0,0,0,0,0,0,0,0,0,0,0,0,0,0,1,0,0,0,0,0,0,0,0,0
196,43,7,29,27,30,13,3231,825,36,376,290,238,80,45,8,5.4806389233,0,1,1,0,0,0,0,0,0,0,0,0,0,0,0,0,0,0,0,0,0,1,0,0,0,0,0,0,0,0,0,0,0,0,0,0,0,0,1
183,39,3,20,15,11,3,201,42,3,20,16,11,118,0,0,,1,0,0,1,0,0,0,0,0,0,0,0,0,0,0,0,1,0,0,0,0,0,0,0,0,0,0,0,0,0,0,0,0,0,0,1,0,0,0
568,158,20,89,75,73,15,8068,2273,177,1045,993,732,105,290,10,6.6528630294,0,1,0,1,0,0,0,0,0,1,0,0,0,0,0,0,0,0,0,0,0,0,0,0,0,0,0,0,0,0,1,0,0,0,0,0,0,0,0
190,46,2,24,8,15,5,479,102,5,65,23,39,102,177,16,5.1647859739,1,0,0,1,0,0,0,0,0,0,0,0,0,1,0,0,0,0,0,0,0,0,0,0,0,0,0,0,0,0,0,0,0,0,0,0,0,1,0
407,104,6,57,43,65,12,5233,1478,100,643,658,653,912,88,9,,1,0,0,1,0,0,0,0,0,0,0,0,0,0,0,0,0,0,0,1,0,0,0,0,0,0,0,0,1,0,0,0,0,0,0,0,0,0,0
127,32,8,16,22,14,8,727,180,24,67,82,56,202,22,2,4.9052747784,0,1,0,1,0,0,0,0,0,0,0,0,0,0,0,0,0,0,0,0,0,0,1,0,0,0,0,0,0,0,0,1,0,0,0,0,0,0,0
413,92,16,72,48,65,1,413,92,16,72,48,65,280,9,5,4.605170186,0,1,1,0,0,0,0,0,0,0,0,0,0,0,0,0,0,0,0,0,0,1,0,0,0,0,0,0,0,0,0,0,1,0,0,0,0,0,0
426,109,3,55,43,62,1,426,109,3,55,43,62,361,22,2,4.7449321284,1,0,0,1,0,0,0,0,1,0,0,0,0,0,0,0,0,0,0,0,0,0,0,0,0,0,0,0,1,0,0,0,0,0,0,1,0,0,0
442,98,7,48,49,43,15,5982,1501,96,555,702,533,812,84,11,,1,0,0,1,0,0,0,1,0,0,0,0,0,0,0,0,0,0,0,0,0,0,0,0,0,0,0,0,0,0,0,1,0,0,0,0,0,0,0
472,116,16,60,62,74,6,1924,489,67,242,251,240,518,55,3,6.3969296552,0,1,0,1,0,0,0,0,0,0,0,0,0,0,0,0,0,0,0,0,0,0,0,1,0,0,0,0,0,0,0,1,0,0,0,0,0,0,0
629,168,18,73,102,40,18,8424,2464,164,1008,1072,402,1067,157,14,6.6550116871,1,0,1,0,0,0,1,0,0,0,0,0,0,0,0,0,0,0,0,0,0,0,0,0,0,0,0,0,1,0,0,0,0,0,0,0,0,0,0
587,163,4,92,51,70,6,2695,747,17,442,198,317,434,9,3,6.6398758338,1,0,1,0,0,0,0,0,0,0,1,0,0,0,0,0,0,0,0,0,0,0,0,0,0,0,0,0,0,0,0,0,1,0,0,0,0,0,0
324,73,4,32,18,22,7,1931,491,13,291,108,180,222,3,3,6.5629143221,0,1,1,0,0,0,0,0,1,0,0,0,0,0,0,0,0,0,0,0,0,0,0,0,0,0,0,0,0,0,0,0,1,0,0,0,0,0,0
474,129,10,50,56,40,10,2331,604,61,246,327,166,732,83,13,6.6200732065,0,1,0,1,0,0,0,0,0,1,0,0,0,0,0,0,0,0,0,0,0,0,0,0,0,0,0,0,0,0,0,1,0,0,0,0,0,0,0
550,152,6,92,37,81,5,2308,633,32,349,182,308,262,329,16,6.4377516497,0,1,0,1,0,0,0,0,0,0,0,0,1,0,0,0,0,0,0,0,0,0,0,0,0,0,0,0,0,1,0,0,0,0,0,0,0,0,0
513,137,20,90,95,90,14,5201,1382,166,763,734,784,267,5,3,6.8023947633,1,0,0,1,0,0,0,1,0,0,0,0,0,0,0,0,0,0,0,0,0,0,0,0,0,0,0,0,0,0,0,0,0,0,1,0,0,0,0
313,84,9,42,30,39,17,6890,1833,224,1033,864,1087,127,221,7,,1,0,0,1,0,0,0,1,0,0,0,0,0,0,0,0,0,0,0,0,0,0,0,0,0,0,0,0,0,1,0,0,0,0,0,0,0,0,0
419,108,6,55,36,22,3,591,149,8,80,46,31,226,7,4,4.7004803658,0,1,0,1,0,0,0,0,0,0,0,0,1,0,0,0,0,0,0,0,0,0,0,0,0,0,0,0,0,0,0,0,1,0,0,0,0,0,0
517,141,27,70,87,52,9,3571,994,215,545,652,337,1378,102,8,,0,1,0,1,1,0,0,0,0,0,0,0,0,0,0,0,0,0,0,0,0,0,0,0,0,0,0,0,1,0,0,0,0,0,0,0,0,0,0
583,168,17,83,80,56,5,1646,452,44,219,208,136,109,292,25,6.4175489424,1,0,1,0,0,0,0,0,0,0,1,0,0,0,0,0,0,0,0,0,0,0,0,0,0,0,0,0,0,0,1,0,0,0,0,0,0,0,0
204,49,6,23,25,12,7,1309,308,27,126,132,66,419,46,5,5.7037824747,1,0,0,1,0,0,0,0,0,0,0,0,0,0,0,0,0,0,0,0,0,0,0,0,1,0,0,0,0,0,0,1,0,0,0,0,0,0,0
379,106,10,38,60,30,14,6207,1906,146,859,803,571,72,170,24,6.7452363495,0,1,0,1,0,0,0,0,0,0,0,0,0,0,1,0,0,0,0,0,0,0,0,0,0,0,0,0,0,0,1,0,0,0,0,0,0,0,0
161,36,0,19,10,17,4,1053,244,3,156,86,107,70,149,12,,1,0,1,0,0,0,0,0,0,0,0,0,0,0,0,0,0,0,1,0,0,0,0,0,0,0,0,0,0,0,0,0,0,0,0,0,0,1,0
268,60,5,24,25,15,2,350,78,5,34,29,18,442,59,6,4.4998096703,0,1,0,1,0,0,0,0,0,0,0,0,0,0,0,0,0,0,0,0,0,0,0,1,0,0,0,0,0,0,0,1,0,0,0,0,0,0,0
346,98,5,31,53,30,16,5913,1615,235,784,901,560,0,0,0,,1,0,1,0,0,0,0,0,0,0,0,0,0,0,0,1,0,0,0,0,0,0,0,0,0,0,0,0,0,0,0,0,0,1,0,0,0,0,0
241,61,1,34,12,14,1,241,61,1,34,12,14,166,172,10,,0,1,0,1,0,0,0,0,0,0,0,0,0,0,0,0,0,0,0,0,0,0,1,0,0,0,0,0,0,1,0,0,0,0,0,0,0,0,0
181,41,1,15,21,33,2,232,50,4,20,29,45,326,29,5,4.2121275979,1,0,1,0,0,0,0,0,0,0,0,0,0,0,0,1,0,0,0,0,0,0,0,0,0,0,0,0,1,0,0,0,0,0,0,0,0,0,0
216,54,0,21,18,15,18,7318,1926,46,796,627,483,103,84,5,,0,1,0,1,0,0,0,0,0,0,0,0,0,0,1,0,0,0,0,0,0,0,0,0,0,0,0,0,0,0,0,0,0,0,0,0,0,0,1
200,57,6,23,14,14,9,2516,684,46,371,230,195,69,1,1,,0,1,0,1,1,0,0,0,0,0,0,0,0,0,0,0,0,0,0,0,0,0,0,0,0,0,0,0,0,0,0,0,0,0,0,1,0,0,0
217,46,7,32,19,9,4,694,160,32,86,76,32,307,25,1,5.1929568509,1,0,1,0,0,0,0,0,0,0,0,0,0,0,0,1,0,0,0,0,0,0,0,0,0,0,0,0,0,0,0,0,0,0,0,0,0,0,1
194,40,7,19,29,30,11,4183,1069,64,486,493,608,325,22,2,,1,0,1,0,0,0,0,0,0,0,0,0,0,0,0,0,0,0,1,0,0,0,0,0,0,0,0,0,0,0,0,1,0,0,0,0,0,0,0
254,68,2,28,26,22,6,999,236,21,108,117,118,359,30,4,5.7203117766,1,0,1,0,0,0,0,0,0,0,1,0,0,0,0,0,0,0,0,0,0,0,0,0,0,0,0,0,0,0,0,1,0,0,0,0,0,0,0
416,132,7,57,49,33,3,932,273,24,113,121,80,73,177,18,5.3706380281,0,1,0,1,0,0,0,0,0,0,0,0,0,0,0,0,0,0,0,0,0,0,0,1,0,0,0,0,0,0,1,0,0,0,0,0,0,0,0
205,57,8,34,32,9,5,756,192,32,117,107,51,58,4,4,5.511410582,1,0,1,0,0,0,0,0,0,0,1,0,0,0,0,0,0,0,0,0,0,0,0,0,0,0,0,0,0,0,0,0,0,1,0,1,0,0,0
542,140,12,46,75,41,16,7099,2130,235,987,1089,431,697,61,9,,1,0,1,0,0,0,0,0,0,0,0,0,0,0,0,1,0,0,0,0,0,0,0,0,0,0,0,0,1,0,0,0,0,0,0,0,0,0,0
526,146,13,71,70,84,6,2648,715,77,352,342,289,303,9,9,6.7031881132,0,1,0,1,0,0,0,0,0,0,0,0,0,0,0,0,0,0,0,0,0,0,0,1,0,0,0,0,0,0,0,0,0,0,0,0,1,0,0
457,101,14,42,63,22,17,6521,1767,281,1003,977,619,389,39,4,6.7742238864,1,0,0,1,0,0,0,0,1,0,0,0,0,0,0,0,0,0,0,0,0,0,0,0,0,0,0,0,0,0,0,1,0,0,0,0,0,0,0
214,53,2,30,29,23,2,226,59,2,32,32,27,109,7,3,4.248495242,0,1,1,0,0,0,0,0,0,0,0,0,0,0,0,0,0,0,0,0,0,0,0,0,0,1,0,0,0,0,0,0,0,0,0,1,0,0,0
336,84,15,48,55,52,15,3945,1016,196,539,699,568,8,1,0,,1,0,1,0,0,0,0,0,0,0,0,0,0,0,0,0,0,0,0,0,0,0,0,0,0,0,0,1,0,0,0,0,0,1,0,0,0,0,0
591,168,19,80,72,39,9,4478,1307,113,634,563,319,67,147,4,7.0900768358,1,0,0,1,0,0,0,0,0,0,0,0,0,0,0,0,0,0,0,1,0,0,0,0,0,0,0,0,0,0,1,0,0,0,0,0,0,0,0
403,101,12,45,53,39,12,5150,1429,166,747,666,526,316,6,5,6.5147126909,1,0,1,0,0,0,0,0,0,0,0,1,0,0,0,0,0,0,0,0,0,0,0,0,0,0,0,0,0,0,0,0,1,0,0,0,0,0,0
405,102,18,49,85,20,6,950,231,29,99,138,64,161,10,3,6.0282785202,0,1,0,1,0,0,0,0,0,0,0,0,0,0,0,0,0,0,0,0,0,0,0,1,0,0,0,0,0,0,0,0,0,0,0,1,0,0,0
244,58,9,28,25,35,4,1335,333,49,164,179,194,142,14,2,5.8289456176,0,1,0,1,0,0,0,0,0,0,0,0,0,0,0,0,0,0,0,0,0,0,1,0,0,0,0,0,1,0,0,0,0,0,0,1,0,0,0
235,61,3,24,39,21,14,3926,1029,35,441,401,333,425,43,4,,1,0,1,0,0,0,0,0,0,0,0,0,0,0,0,1,0,0,0,0,0,0,0,0,0,0,0,0,0,0,0,1,0,0,0,0,0,0,0
313,78,6,32,41,12,12,3742,968,35,409,321,170,106,206,7,6.0322873416,0,1,0,1,0,0,0,0,0,0,0,0,1,0,0,0,0,0,0,0,0,0,0,0,0,0,0,0,0,0,0,0,0,0,0,0,0,1,0
627,177,25,98,81,70,6,3210,927,133,529,472,313,240,482,13,7.2078598714,1,0,1,0,0,1,0,0,0,0,0,0,0,0,0,0,0,0,0,0,0,0,0,0,0,0,0,0,0,0,0,0,0,0,0,0,0,1,0
416,113,24,58,69,16,1,416,113,24,58,69,16,203,70,10,4.4998096703,1,0,1,0,0,0,0,0,0,0,1,0,0,0,0,0,0,0,0,0,0,0,0,0,0,0,0,0,0,0,0,0,0,0,0,1,0,1,0
155,44,6,21,23,15,16,6631,1634,98,698,661,777,53,88,3,5.6167710977,0,1,1,0,0,0,0,0,1,0,0,0,0,0,0,0,0,0,0,0,0,0,0,0,0,0,0,0,0,0,1,0,0,0,0,0,0,1,0
236,56,0,27,15,11,4,1115,270,1,116,64,57,125,199,13,5.4380793089,1,0,0,1,0,0,0,0,0,0,0,0,0,0,0,0,0,0,0,0,0,0,0,0,0,0,1,0,0,1,0,0,0,0,0,0,0,1,0
216,53,1,31,15,22,4,926,210,9,118,69,114,73,152,11,5.4161004022,0,1,0,1,0,0,0,0,0,0,0,0,0,0,1,0,0,0,0,0,0,0,0,0,0,0,0,0,0,0,1,0,0,0,0,0,0,1,0
242,58,4,25,19,27,19,7117,1981,242,964,1013,762,90,4,0,,1,0,0,1,0,0,0,0,0,0,0,0,0,0,0,0,0,0,0,1,0,0,0,0,0,0,0,0,0,0,0,0,0,0,0,1,0,0,0
585,139,31,93,94,62,17,7546,1982,315,1141,1179,727,0,0,0,6.8564619846,1,0,1,0,0,0,1,0,0,0,0,0,0,0,0,0,0,0,0,0,0,0,0,0,0,0,0,0,0,0,0,0,0,1,0,0,0,0,0
191,37,4,12,17,14,4,773,163,16,61,74,52,391,38,8,,0,1,1,0,0,0,0,0,0,0,0,0,0,0,0,0,0,1,0,0,0,0,0,0,0,0,0,0,0,0,0,1,0,0,0,0,0,0,0
199,53,5,29,22,21,3,514,120,8,57,40,39,152,3,5,4.3174881135,1,0,0,1,0,0,0,0,1,0,0,0,0,0,0,0,0,0,0,0,0,0,0,0,0,0,0,0,0,0,0,0,1,0,0,0,0,0,0
521,142,20,67,86,45,4,815,205,22,99,103,78,107,242,23,4.6539603502,1,0,1,0,0,0,0,0,0,0,0,1,0,0,0,0,0,0,0,0,0,0,0,0,0,0,0,0,0,0,1,0,0,0,0,0,0,0,0
419,113,1,44,27,44,12,4484,1231,32,612,344,422,211,2,1,,1,0,1,0,0,0,0,0,0,0,0,1,0,0,0,0,0,0,0,0,0,0,0,0,0,0,0,0,0,0,0,0,0,0,1,0,0,0,0
311,81,3,42,30,26,17,8247,2198,100,950,909,690,153,223,10,5.7683209958,0,1,0,1,0,0,0,0,0,1,0,0,0,0,0,0,0,0,0,0,0,0,0,0,0,0,0,0,0,0,0,0,0,0,0,0,0,0,1
138,31,8,18,21,38,3,244,53,12,33,32,55,244,21,4,,0,1,1,0,0,0,0,0,0,0,0,0,0,0,0,0,0,0,0,0,1,0,0,0,0,0,0,0,0,0,0,1,0,0,0,0,0,0,0
512,131,26,69,96,52,14,5347,1397,221,712,815,548,119,216,12,6.7452363495,1,0,0,1,0,0,0,1,0,0,0,0,0,0,0,0,0,0,0,0,0,0,0,0,0,0,0,0,0,0,1,0,0,0,0,0,0,0,0
507,122,29,78,85,91,18,7761,1947,347,1175,1152,1380,808,108,2,6.2822667469,1,0,1,0,0,0,0,0,0,0,0,1,0,0,0,0,0,0,0,0,0,0,0,0,0,0,0,0,1,0,0,0,0,0,0,0,0,0,0
529,137,26,86,97,97,15,6661,1785,291,1082,949,989,280,10,5,6.8387620504,1,0,1,0,0,0,1,0,0,0,0,0,0,0,0,0,0,0,0,0,0,0,0,0,0,0,0,0,0,0,0,0,0,0,0,0,1,0,0
424,119,6,57,46,13,9,3651,1046,32,461,301,112,224,286,8,6.7452363495,1,0,1,0,0,0,0,0,0,0,0,0,0,0,0,0,0,0,0,0,0,0,0,0,0,0,0,1,0,1,0,0,0,0,0,0,0,0,0
351,97,4,55,29,39,4,1258,353,16,196,110,117,226,7,3,5.3471075307,0,1,0,1,0,0,0,0,0,0,0,0,0,0,0,0,0,0,0,0,0,0,0,1,0,0,0,0,0,0,0,0,1,0,0,0,0,0,0
195,55,5,24,33,30,8,1313,338,25,144,149,153,83,2,1,,0,1,1,0,0,0,0,0,0,0,0,0,0,0,0,0,0,0,1,0,0,0,0,0,0,0,0,0,0,0,0,0,0,0,0,1,0,0,0
388,103,15,59,47,39,6,2174,555,80,285,274,186,182,9,4,5.7838251823,1,0,0,1,0,0,0,0,0,0,0,0,0,0,0,0,0,0,0,0,0,0,0,0,1,0,0,0,0,0,0,0,0,0,0,1,0,0,0
339,96,4,37,29,23,4,1064,290,11,123,108,55,104,213,9,5.6167710977,1,0,0,1,0,0,0,0,0,0,0,0,0,0,0,0,0,0,0,1,0,0,0,0,0,0,0,0,0,1,1,0,0,0,0,0,0,0,0
561,118,35,70,94,33,16,6677,1575,442,901,1210,608,463,32,8,,1,0,0,1,0,0,0,0,0,0,0,0,0,0,0,0,0,0,0,1,0,0,0,0,0,0,0,0,0,0,0,0,0,1,0,0,0,0,0
255,70,7,49,35,43,15,6311,1661,154,1019,608,820,51,54,8,6.1092475828,0,1,1,0,0,0,0,0,1,0,0,0,0,0,0,0,0,0,0,0,0,0,0,0,0,0,0,0,0,0,1,0,0,0,0,1,0,0,0
677,238,31,117,113,53,5,2223,737,93,349,401,171,1377,100,6,7.5883236773,1,0,1,0,0,0,0,0,0,0,0,0,0,0,0,0,0,0,1,0,0,0,0,0,0,0,0,0,1,0,0,0,0,0,0,0,0,0,0
227,46,7,23,20,12,5,1325,324,44,156,158,67,92,2,2,,1,0,0,1,0,0,0,0,0,0,0,0,0,1,0,0,0,0,0,0,0,0,0,0,0,0,0,0,0,0,0,0,0,0,0,0,1,0,0
614,163,29,89,83,75,11,5017,1388,266,813,822,617,303,6,6,7.5496091652,0,1,0,1,1,0,0,0,0,0,0,0,0,0,0,0,0,0,0,0,0,0,0,0,0,0,0,0,0,0,0,0,1,0,0,0,0,0,0
329,83,9,50,39,56,9,3828,948,145,575,528,635,276,6,2,6.3969296552,1,0,0,1,0,0,0,0,0,0,0,0,0,0,0,0,0,0,0,1,0,0,0,0,0,0,0,0,0,0,0,0,1,0,0,0,0,0,0
637,174,31,89,116,56,14,6727,2024,247,978,1093,495,278,9,9,6.9485775935,0,1,0,1,0,0,0,0,0,1,0,0,0,0,0,0,0,0,0,0,0,0,0,0,0,0,0,0,0,0,0,0,0,0,0,0,1,0,0
280,82,16,44,45,47,2,428,113,25,61,70,63,148,4,2,4.7004803658,1,0,1,0,0,0,0,0,0,0,0,0,0,0,0,0,0,0,1,0,0,0,0,0,0,0,0,0,0,0,0,0,0,0,1,0,0,0,0
155,41,12,21,29,22,16,5409,1338,181,746,805,875,165,9,1,5.560681631,1,0,0,1,0,0,0,0,0,0,0,0,0,0,0,0,0,0,0,0,0,0,0,0,0,0,1,0,0,0,0,0,1,1,0,0,0,0,0
458,114,13,67,57,48,4,1350,298,28,160,123,122,246,389,18,6.163314804,1,0,0,1,0,0,0,1,0,0,0,0,0,0,0,0,0,0,0,0,0,0,0,0,0,0,0,0,0,0,0,0,0,0,0,0,0,1,0
314,83,13,39,46,16,5,1457,405,28,156,159,76,533,40,4,6.0672675105,1,0,0,1,0,0,0,0,0,0,0,0,0,0,0,0,0,0,0,0,0,0,0,0,0,0,1,0,0,0,0,1,0,0,0,0,0,0,0
475,123,27,76,93,72,4,1810,471,108,292,343,267,226,10,6,7.1066061377,0,1,1,0,0,0,0,0,0,0,0,0,0,0,0,0,0,0,1,0,0,0,0,0,0,0,0,0,0,0,0,0,0,0,0,0,1,0,0
317,78,7,35,35,32,1,317,78,7,35,35,32,45,122,26,4.248495242,1,0,1,0,0,0,0,0,0,0,0,0,0,0,0,1,0,0,0,0,0,0,0,0,0,0,0,0,0,0,1,0,0,0,0,0,0,0,0
511,138,25,76,96,61,3,592,164,28,87,110,71,157,7,8,4.9767337424,1,0,0,1,0,0,0,0,0,0,0,0,0,0,0,0,0,0,0,0,0,0,0,0,1,0,0,0,0,0,0,0,0,0,0,0,1,0,0
278,69,3,24,21,29,8,2079,565,32,258,192,162,142,210,10,,0,1,0,1,0,0,0,0,0,0,0,0,1,0,0,0,0,0,0,0,0,0,0,0,0,0,0,0,0,0,0,0,0,0,0,0,0,1,0
382,119,13,54,58,36,12,2133,594,41,287,294,227,59,156,9,6.3885614055,0,1,0,1,0,0,0,0,0,0,0,0,1,0,0,0,0,0,0,0,0,0,0,0,0,0,0,0,0,0,1,0,0,0,0,0,0,0,0
565,148,24,90,104,77,14,7287,2083,305,1135,1234,791,292,9,5,7.529116405,1,0,1,0,0,0,0,0,0,0,0,0,0,0,0,0,0,0,1,0,0,0,0,0,0,0,0,0,0,0,0,0,0,0,0,0,1,0,0
277,71,2,27,29,14,15,5952,1647,60,753,596,259,360,32,5,,0,1,0,1,0,0,0,0,0,0,0,0,0,0,1,0,0,0,0,0,0,0,0,0,0,0,0,0,1,0,0,0,0,0,0,0,0,0,0
415,115,27,97,71,68,3,711,184,45,156,119,99,274,2,7,5.7037824747,0,1,0,1,0,0,0,0,0,1,0,0,0,0,0,0,0,0,0,0,0,0,0,0,0,0,0,0,0,0,0,0,0,0,1,0,0,0,0
424,110,15,70,47,36,7,2130,544,38,335,174,258,292,6,3,6.1944053911,0,1,0,1,0,0,0,0,0,1,0,0,0,0,0,0,0,0,0,0,0,0,0,0,0,0,0,0,0,0,0,0,1,0,0,0,0,0,0
495,151,17,61,84,78,10,5624,1679,275,884,1015,709,1045,88,13,7.8079166289,1,0,1,0,0,1,0,0,0,0,0,0,0,0,0,0,0,0,0,0,0,0,0,0,0,0,0,0,1,0,0,0,0,0,0,0,0,0,0
524,132,9,69,47,54,2,972,260,14,123,92,90,212,327,20,,1,0,1,0,0,0,0,0,0,0,0,0,0,0,0,1,0,0,0,0,0,0,0,0,0,0,0,0,0,0,0,0,0,0,0,0,0,1,0
233,49,2,41,23,18,8,1350,336,7,166,122,106,102,132,10,5.926926026,1,0,1,0,0,0,1,0,0,0,0,0,0,0,0,0,0,0,0,0,0,0,0,0,0,0,0,0,0,0,0,0,0,0,0,0,0,1,0
395,106,16,48,56,35,10,2303,571,86,266,323,248,709,41,7,,1,0,1,0,0,0,0,0,0,0,0,0,0,0,0,0,0,0,0,0,0,0,0,0,0,0,0,1,0,0,0,1,0,0,0,0,0,0,0
397,114,23,67,67,53,13,5589,1632,241,906,926,716,244,2,4,,1,0,1,0,0,1,0,0,0,0,0,0,0,0,0,0,0,0,0,0,0,0,0,0,0,0,0,0,0,0,0,0,1,0,0,0,0,0,0
210,37,8,15,19,15,6,994,244,36,107,114,53,40,115,15,,1,0,1,0,0,1,0,0,0,0,0,0,0,0,0,0,0,0,0,0,0,0,0,0,0,0,0,0,0,0,1,0,0,0,0,0,0,0,0
420,95,23,55,58,37,3,646,139,31,77,77,61,206,10,7,,0,1,0,1,0,0,0,0,0,0,0,0,0,0,1,0,0,0,0,0,0,0,0,0,0,0,0,0,0,0,0,0,0,0,1,0,0,0,0
566,154,22,76,84,43,14,6100,1583,131,743,693,300,316,439,10,6.6200732065,1,0,0,1,0,0,0,0,0,0,0,0,0,1,0,0,0,0,0,0,0,0,0,0,0,0,0,0,0,1,0,0,0,0,0,0,0,0,0
641,198,31,101,108,41,5,2129,610,92,297,319,117,269,17,10,7.0690234266,1,0,1,0,0,0,0,0,0,0,0,0,0,0,0,0,0,0,0,0,0,0,0,0,0,0,0,1,0,0,0,0,0,0,1,0,0,0,0
215,51,4,19,18,11,1,215,51,4,19,18,11,116,5,12,4.248495242,1,0,1,0,0,0,0,0,0,0,0,0,0,0,0,1,0,0,0,0,0,0,0,0,0,0,0,0,0,0,0,0,0,0,1,0,0,0,0
441,128,16,70,73,80,14,6675,2095,209,1072,1050,695,97,218,16,7.3132203871,1,0,0,1,0,0,0,0,0,0,0,0,0,1,0,0,0,0,0,0,0,0,0,0,0,0,0,0,0,0,1,0,0,0,0,0,0,0,0
325,76,16,33,52,37,5,1506,351,71,195,219,214,726,87,3,5.9532433343,0,1,0,1,0,0,0,0,0,0,0,0,0,0,1,0,0,0,0,0,0,0,0,0,0,0,0,0,1,0,0,0,0,0,0,0,0,0,0
490,125,24,81,105,62,13,6063,1646,271,847,999,680,869,62,8,7.5629778261,0,1,1,0,0,0,0,0,0,0,0,0,0,0,0,0,0,0,1,0,0,0,0,0,0,0,0,0,0,0,0,1,0,0,0,0,0,0,0
574,152,31,91,101,64,3,985,260,53,148,173,95,1253,111,11,5.3706380281,0,1,0,1,0,0,0,0,0,0,0,0,1,0,0,0,0,0,0,0,0,0,0,0,0,0,0,0,1,0,0,0,0,0,0,0,0,0,0
284,64,14,30,42,24,18,7023,1925,348,986,1239,666,96,4,4,,0,1,1,0,0,0,0,0,0,0,0,0,0,0,0,0,0,0,1,0,0,0,0,0,0,0,0,0,0,0,0,0,0,0,1,0,0,0,0
596,171,34,91,108,52,6,2862,728,107,361,401,224,118,334,21,6.8023947633,1,0,0,1,0,0,0,0,0,0,0,0,0,0,0,0,1,0,0,0,0,0,0,0,0,0,0,0,0,0,1,0,0,0,0,0,0,0,0
472,118,12,63,54,30,4,793,187,14,102,80,50,228,377,26,5.0434251169,1,0,0,1,0,0,0,0,0,0,0,0,0,0,0,0,1,0,0,0,0,0,0,0,0,0,0,0,0,0,0,0,0,0,0,0,0,1,0
283,77,14,45,47,26,16,6840,1910,259,915,1067,546,144,6,5,6.551080335,1,0,0,1,0,0,0,1,0,0,0,0,0,0,0,0,0,0,0,0,0,0,0,0,0,0,0,0,0,0,0,0,0,0,0,1,0,0,0
408,94,4,42,36,66,9,3573,866,59,429,365,410,282,487,19,6.2822667469,0,1,0,1,1,0,0,0,0,0,0,0,0,0,0,0,0,0,0,0,0,0,0,0,0,0,0,0,0,1,0,0,0,0,0,0,0,0,0
327,85,3,30,44,20,8,2140,568,16,216,208,93,91,185,12,5.8930244743,1,0,1,0,0,0,0,0,0,0,0,0,0,0,0,0,0,0,0,0,0,0,0,0,0,0,0,1,0,1,1,0,0,0,0,0,0,0,0
370,96,21,49,46,60,15,6986,1972,231,1070,955,921,137,5,9,6.5975998961,0,1,1,0,0,0,0,0,1,0,0,0,0,0,0,0,0,0,0,0,0,0,0,0,0,0,0,0,0,0,0,0,0,0,1,0,0,0,0
354,77,16,36,55,41,20,8716,2172,384,1172,1267,1057,83,174,16,5.2983173665,0,1,0,1,0,0,0,0,0,0,0,0,0,0,0,0,0,0,0,0,0,0,1,0,0,0,0,0,0,0,1,0,0,0,0,0,0,0,0
539,139,5,93,58,69,5,1469,369,12,247,126,198,462,9,7,5.9914645471,1,0,0,1,0,0,0,1,0,0,0,0,0,0,0,0,0,0,0,0,0,0,0,0,0,0,0,0,0,0,0,0,1,0,0,0,0,0,0
340,84,11,62,33,47,5,1516,376,42,284,141,219,185,8,4,5.9914645471,0,1,1,0,0,0,0,0,0,0,0,0,0,0,0,0,0,0,0,0,1,0,0,0,0,0,0,0,0,0,0,0,0,0,1,0,0,0,0
510,126,2,42,44,35,11,5562,1578,44,703,519,256,207,358,20,6.6032660882,0,1,0,1,0,0,0,0,0,0,0,0,0,0,0,0,0,0,0,0,0,0,1,0,0,0,0,0,0,0,0,0,0,0,0,0,0,1,0
315,59,16,45,36,58,13,4677,1051,268,681,782,697,0,0,0,,1,0,0,1,0,0,0,0,0,0,0,0,0,0,0,0,0,0,0,0,0,0,0,0,1,0,0,0,0,0,0,0,0,1,0,0,0,0,0
282,78,13,37,51,29,5,1649,453,73,211,280,138,670,57,5,6.2146080984,1,0,0,1,0,0,0,0,1,0,0,0,0,0,0,0,0,0,0,0,0,0,0,0,0,0,0,0,1,0,0,0,0,0,0,0,0,0,0
380,120,5,54,51,31,8,3118,900,92,444,419,240,237,8,1,6.3969296552,1,0,0,1,0,0,0,0,0,0,0,0,0,0,0,0,0,0,0,0,0,0,0,0,0,0,1,0,0,0,0,0,0,0,1,0,0,0,0
584,158,15,70,84,42,5,2358,636,58,265,316,134,331,20,4,6.4960205579,0,1,1,0,0,0,0,0,0,0,0,0,0,0,0,0,0,0,0,0,1,0,0,0,0,0,0,0,0,0,0,0,0,0,0,0,1,0,0
570,169,21,72,88,38,7,3754,1077,140,492,589,263,295,15,5,6.8564619846,1,0,0,1,0,0,0,0,1,0,0,0,0,0,0,0,0,0,0,0,0,0,0,0,0,0,0,0,0,0,0,0,0,0,0,0,1,0,0
306,104,14,50,58,25,7,2954,822,55,313,377,187,116,222,15,6.6200732065,0,1,1,0,0,0,0,0,0,0,0,0,0,0,0,0,0,1,0,0,0,0,0,0,0,0,0,0,0,0,0,0,0,0,0,0,0,1,0
220,54,10,30,39,31,5,1185,299,40,145,154,128,50,136,20,5.695414225,0,1,1,0,0,0,0,0,0,0,0,0,0,0,0,0,0,0,1,0,0,0,0,0,0,0,0,0,0,0,1,0,0,0,0,0,0,1,0
278,70,7,22,37,18,18,7186,2081,190,935,1088,643,0,0,0,5.7838251823,1,0,0,1,0,0,0,0,0,0,0,0,0,1,0,0,0,0,0,0,0,0,0,0,0,0,0,0,0,0,0,0,0,1,0,0,0,0,0
445,99,1,46,24,29,4,618,129,1,72,31,48,278,415,16,4.4716387934,1,0,0,1,0,0,0,0,0,0,0,0,0,0,0,0,0,0,0,0,0,0,0,0,1,0,0,0,0,1,0,0,0,0,0,0,0,0,0
143,39,5,18,30,15,9,639,151,16,80,97,61,138,15,1,5.1647859739,0,1,0,1,0,0,0,0,0,0,0,0,0,0,0,0,0,0,0,0,0,0,0,1,0,0,0,0,1,0,0,0,0,0,0,0,0,0,0
185,40,4,23,11,18,3,524,125,7,58,37,47,97,2,2,4.4998096703,0,1,1,0,0,0,0,0,0,0,0,0,0,0,0,0,0,1,0,0,0,0,0,0,0,0,0,0,0,0,0,0,0,0,0,1,0,0,0
589,170,40,107,108,69,6,2325,634,128,371,376,238,368,20,3,7.1208484944,1,0,1,0,0,0,0,0,0,0,0,0,0,0,0,0,0,0,0,0,0,0,0,0,0,0,0,1,0,0,0,0,0,0,0,0,1,0,0
343,103,6,48,36,40,15,4338,1193,70,581,421,325,211,56,13,6.0637852087,1,0,1,0,0,1,0,0,0,0,0,0,0,0,0,0,0,0,0,0,0,0,0,0,0,0,0,0,0,0,0,0,0,0,0,0,0,0,1
284,69,1,33,18,25,5,1407,361,6,139,98,111,122,140,5,,1,0,1,0,0,1,0,0,0,0,0,0,0,0,0,0,0,0,0,0,0,0,0,0,0,0,0,0,0,1,0,0,0,0,0,0,0,0,0
438,103,2,65,32,71,2,440,103,2,67,32,71,276,7,9,4.605170186,1,0,0,1,0,0,0,0,1,0,0,0,0,0,0,0,0,0,0,0,0,0,0,0,0,0,0,0,0,0,0,0,0,0,1,0,0,0,0
600,144,33,85,117,65,2,696,173,38,101,130,69,319,4,14,5.1059454739,1,0,0,1,0,0,0,0,0,0,0,0,0,0,0,0,0,0,0,1,0,0,0,0,0,0,0,0,0,0,0,0,0,0,1,0,0,0,0
663,200,29,108,121,32,4,1447,404,57,210,222,68,241,8,6,5.5214609179,1,0,1,0,0,0,0,0,0,0,1,0,0,0,0,0,0,0,0,0,0,0,0,0,0,0,0,0,0,0,0,0,0,0,0,0,1,0,0
232,55,9,34,23,45,12,4405,1213,194,702,705,625,623,35,3,7.1701195434,0,1,1,0,0,0,0,0,0,0,0,0,0,0,0,0,0,0,0,0,0,0,0,0,0,1,0,0,1,0,0,0,0,0,0,0,0,0,0
479,133,10,48,72,55,17,7472,2147,153,980,1032,854,237,5,4,6.650709745,0,1,0,1,0,0,0,0,0,0,0,0,1,0,0,0,0,0,0,0,0,0,0,0,0,0,0,0,0,0,0,0,0,0,1,0,0,0,0
209,45,0,38,19,42,10,3859,916,23,557,279,478,132,205,5,,1,0,0,1,0,0,0,0,1,0,0,0,0,0,0,0,0,0,0,0,0,0,0,0,0,0,0,0,0,1,0,0,0,0,0,0,0,0,0
528,132,21,61,74,41,6,2641,671,97,273,383,226,885,105,8,6.9160537512,0,1,1,0,0,0,0,0,1,0,0,0,0,0,0,0,0,0,0,0,0,0,0,0,0,0,0,0,0,0,0,1,0,0,0,0,0,0,0
160,39,8,18,31,22,14,2128,543,56,304,268,298,33,3,0,5.6167710977,1,0,1,0,0,1,0,0,0,0,0,0,0,0,0,0,0,0,0,0,0,0,0,0,0,0,0,0,0,0,0,0,0,1,0,1,0,0,0
599,183,10,80,74,32,5,2482,715,27,330,326,158,231,374,18,6.6528630294,1,0,1,0,0,0,0,0,0,0,1,0,0,0,0,0,0,0,0,0,0,0,0,0,0,0,0,0,0,0,0,0,0,0,0,0,0,1,0
497,136,7,58,38,26,11,3871,1066,40,450,367,241,304,347,10,6.7452363495,1,0,1,0,0,0,0,0,0,0,0,0,0,0,0,1,0,0,0,0,0,0,0,0,0,0,0,0,0,1,0,0,0,0,0,0,0,0,0
210,70,13,32,51,28,15,4040,1130,97,544,462,551,0,0,0,5.8998973536,1,0,1,0,0,0,0,0,0,0,0,1,0,0,0,0,0,0,0,0,0,0,0,0,0,0,0,0,0,0,0,0,0,1,0,0,0,0,0
225,61,5,32,26,26,11,1568,408,25,202,185,257,132,9,0,,1,0,0,1,0,0,0,0,1,0,0,0,0,0,0,0,0,0,0,0,0,0,0,0,0,0,0,0,0,0,0,0,0,0,0,0,0,0,1
151,41,4,26,21,19,2,288,68,9,45,39,35,28,56,2,4.5538768916,1,0,0,1,0,0,0,1,0,0,0,0,0,0,0,0,0,0,0,0,0,0,0,0,0,0,0,0,0,0,1,0,0,0,0,0,0,0,0
278,86,4,33,38,45,1,278,86,4,33,38,45,102,4,2,4.7004803658,0,1,0,1,0,0,0,0,0,0,0,0,0,0,0,0,0,0,0,0,0,0,1,0,0,0,0,0,0,0,0,0,0,0,1,0,0,0,0
341,95,6,48,42,20,10,2964,808,81,379,428,221,158,4,5,4.605170186,0,1,0,1,0,0,0,0,0,0,0,0,0,0,0,0,0,0,0,0,0,0,0,1,0,0,0,0,0,0,0,0,0,0,1,0,0,0,0
537,147,23,58,88,47,10,2744,730,97,302,351,174,92,257,20,5.6258209332,0,1,1,0,0,0,0,0,0,0,0,0,0,0,0,0,0,0,0,0,0,1,0,0,0,0,0,0,0,0,1,0,0,0,0,0,0,0,0
399,102,3,56,34,34,5,670,167,4,89,48,54,211,9,3,4.3820266347,1,0,0,1,0,0,0,0,0,0,0,0,0,0,0,0,0,0,0,0,0,0,0,0,1,0,0,0,0,0,0,0,1,0,0,0,0,0,0
309,94,5,37,32,26,13,4618,1330,57,616,522,436,161,3,3,6.3969296552,0,1,1,0,0,0,0,0,1,0,0,0,0,0,0,0,0,0,0,0,0,0,0,0,0,0,0,0,0,0,0,0,0,0,0,1,0,0,0
401,100,2,60,19,28,4,876,238,2,126,44,55,193,11,4,,0,1,1,0,0,0,0,0,0,0,0,0,0,0,0,0,0,0,0,0,0,1,0,0,0,0,0,0,0,0,0,0,0,0,0,0,1,0,0
336,93,9,35,46,23,15,5779,1610,128,730,741,497,0,0,0,,1,0,0,1,0,0,0,0,0,0,0,0,0,1,0,0,0,0,0,0,0,0,0,0,0,0,0,0,0,0,0,0,0,1,0,0,0,0,0
616,163,27,83,107,32,3,1437,377,65,181,227,82,110,308,15,5.2983173665,1,0,0,1,0,0,0,0,0,0,0,0,0,0,0,0,0,0,0,0,0,0,0,0,1,0,0,0,0,0,1,0,0,0,0,0,0,0,0
219,47,8,24,26,17,12,1188,286,23,100,125,63,260,58,4,,1,0,0,1,0,0,0,0,0,0,0,0,0,1,0,0,0,0,0,0,0,0,0,0,0,0,0,0,0,0,1,0,1,0,0,0,0,0,0
579,174,7,67,78,58,6,3053,880,32,366,337,218,280,479,5,6.4876840185,0,1,1,0,0,0,0,0,0,0,0,0,0,0,0,0,0,0,0,0,0,1,0,0,0,0,0,0,0,1,0,0,0,0,0,0,0,0,0
165,39,2,13,9,16,3,196,44,2,18,10,18,332,19,2,4.3174881135,1,0,0,1,0,0,0,0,0,0,0,0,0,0,0,0,1,0,0,0,0,0,0,0,0,0,0,0,0,0,0,1,0,0,0,0,0,0,0
618,200,20,98,110,62,13,7127,2163,351,1104,1289,564,330,16,8,7.7884188332,1,0,1,0,0,0,1,0,0,0,0,0,0,0,0,0,0,0,0,0,0,0,0,0,0,0,0,0,0,0,0,0,0,0,1,0,0,0,0
257,66,5,31,26,32,14,3910,979,33,518,324,382,87,166,14,5.5214609179,0,1,0,1,0,0,0,0,0,0,0,0,0,0,0,0,0,0,0,0,0,0,1,0,0,0,0,0,0,0,0,0,0,0,0,0,0,0,1
315,76,13,35,60,25,3,630,151,24,68,94,55,498,39,13,5.0434251169,0,1,1,0,0,0,0,0,0,0,0,0,0,0,0,0,0,0,0,0,1,0,0,0,0,0,0,0,0,0,0,1,0,0,0,0,0,0,0
591,157,16,90,78,26,4,2020,541,52,310,226,91,290,440,25,6.4614681764,0,1,1,0,0,0,0,0,0,0,0,0,0,0,0,0,0,0,0,0,1,0,0,0,0,0,0,0,0,1,0,0,0,0,0,0,0,0,0
404,92,11,54,49,18,6,1354,325,30,188,135,63,222,5,5,5.7037824747,1,0,1,0,0,1,0,0,0,0,0,0,0,0,0,0,0,0,0,0,0,0,0,0,0,0,0,0,0,0,0,0,0,0,0,1,0,0,0
315,73,5,23,37,16,4,450,108,6,38,46,28,227,15,3,4.7004803658,1,0,0,1,0,0,0,0,1,0,0,0,0,0,0,0,0,0,0,0,0,0,0,0,0,0,0,0,0,0,0,1,0,0,0,0,0,0,0
249,69,6,32,19,20,4,702,209,10,97,48,44,103,8,2,,0,1,1,0,0,0,0,0,0,0,0,0,0,0,0,0,0,0,0,0,1,0,0,0,0,0,0,0,0,0,0,0,0,0,0,1,0,0,0
429,91,12,41,42,57,13,5590,1397,83,578,579,644,686,46,4,6.7153833863,1,0,0,1,0,0,0,0,0,0,0,0,0,1,0,0,0,0,0,0,0,0,0,0,0,0,0,0,0,0,0,1,0,0,0,0,0,0,0
212,54,13,28,44,18,2,233,59,13,31,46,20,243,23,5,,1,0,1,0,0,1,0,0,0,0,0,0,0,0,0,0,0,0,0,0,0,0,0,0,0,0,0,0,0,0,0,0,0,0,0,0,0,0,1
453,101,3,46,43,61,3,948,218,6,96,72,91,249,444,16,5.2729995586,0,1,0,1,0,0,0,0,0,0,0,0,0,0,0,0,0,0,0,0,0,0,0,1,0,0,0,0,0,0,0,0,0,0,0,0,0,1,0
161,43,4,17,26,22,3,707,179,21,77,99,76,300,12,2,,1,0,0,1,0,0,0,0,0,0,0,0,0,0,0,0,0,0,0,1,0,0,0,0,0,0,0,0,0,0,0,1,0,0,0,0,0,0,0
184,47,5,20,28,18,11,3327,890,74,419,382,304,49,2,0,6.1092475828,0,1,0,1,0,0,0,0,0,0,0,0,0,0,0,0,0,0,0,0,0,0,0,1,0,0,0,0,0,0,0,0,0,0,0,1,0,0,0
591,184,20,83,79,38,5,1689,462,40,219,195,82,303,12,5,6.4457198194,0,1,0,1,0,0,0,0,0,0,0,0,1,0,0,0,0,0,0,0,0,0,0,0,0,0,0,0,0,0,0,0,0,0,0,0,1,0,0
181,58,6,34,23,22,1,181,58,6,34,23,22,88,0,3,4.4601444139,0,1,0,1,0,0,0,0,0,1,0,0,0,0,0,0,0,0,0,0,0,0,0,0,0,0,0,0,0,0,0,0,0,0,0,1,0,0,0
441,118,28,84,86,68,8,2723,750,126,433,420,309,190,2,2,7.1701195434,1,0,1,0,0,0,0,0,0,0,0,1,0,0,0,0,0,0,0,0,0,0,0,0,0,0,0,0,0,0,0,0,0,0,0,0,1,0,0
490,150,21,69,58,35,14,6126,1839,121,983,707,600,96,5,3,6.907755279,1,0,1,0,0,0,0,0,0,0,0,0,0,0,0,0,0,0,1,0,0,0,0,0,0,0,0,0,0,0,0,0,0,0,0,1,0,0,0
551,171,13,94,83,94,13,6090,1840,128,969,900,917,1199,149,5,7.4955419439,0,1,1,0,0,0,0,0,0,0,0,0,0,0,0,0,0,0,1,0,0,0,0,0,0,0,0,0,1,0,0,0,0,0,0,0,0,0,0
550,147,29,85,91,71,6,2816,815,117,405,474,319,1218,104,10,7.1777824162,1,0,0,1,0,0,0,0,0,0,0,0,0,0,0,0,1,0,0,0,0,0,0,0,0,0,0,0,1,0,0,0,0,0,0,0,0,0,0
283,74,4,34,29,22,10,3919,1062,85,505,456,283,145,5,7,6.6032660882,0,1,0,1,0,0,0,0,0,0,0,0,0,0,1,0,0,0,0,0,0,0,0,0,0,0,0,0,0,0,0,0,0,0,0,1,0,0,0
560,161,26,89,96,66,4,1789,470,65,233,260,155,332,9,8,6.4377516497,0,1,0,1,0,0,0,0,0,0,0,0,0,0,0,0,0,0,0,0,0,0,1,0,0,0,0,0,0,0,0,0,1,0,0,0,0,0,0
328,91,12,51,43,33,2,342,94,12,51,44,33,145,59,8,4.8283137373,0,1,1,0,0,0,0,0,0,0,0,0,0,0,0,0,0,0,1,0,0,0,0,0,0,0,0,0,0,0,0,0,0,0,0,1,0,1,0
586,159,12,72,79,53,9,3082,880,83,363,477,295,181,13,4,6.9501756754,0,1,1,0,0,0,0,0,1,0,0,0,0,0,0,0,0,0,0,0,0,0,0,0,0,0,0,0,0,0,0,0,0,0,0,0,1,0,0
503,136,5,62,48,83,10,3423,970,20,408,303,414,65,258,8,6.5861716549,0,1,0,1,1,0,0,0,0,0,0,0,0,0,0,0,0,0,0,0,0,0,0,0,0,0,0,0,0,0,1,0,0,0,0,0,0,0,0
344,85,24,69,64,88,7,911,214,64,150,156,187,0,0,0,5.7037824747,1,0,0,1,0,0,0,0,0,0,0,0,0,0,0,0,0,0,0,0,0,0,0,0,1,0,0,0,0,0,0,0,0,1,0,0,0,0,0
680,223,31,119,96,34,3,1928,587,35,262,201,91,429,8,6,5.8998973536,1,0,0,1,0,0,0,0,0,0,0,0,0,0,0,0,1,0,0,0,0,0,0,0,0,0,0,0,0,0,0,0,1,0,0,0,0,0,0
279,64,0,31,26,30,1,279,64,0,31,26,30,107,205,16,4.3174881135,0,1,0,1,0,0,0,0,0,1,0,0,0,0,0,0,0,0,0,0,0,0,0,0,0,0,0,0,0,0,0,0,0,0,0,0,0,1,0
484,127,20,66,65,67,7,3006,844,116,436,458,377,1231,80,7,7.0760903121,0,1,1,0,0,0,0,0,1,0,0,0,0,0,0,0,0,0,0,0,0,0,0,0,0,0,0,0,1,0,0,0,0,0,0,0,0,0,0
431,127,8,77,45,58,2,667,187,9,117,64,88,283,8,3,5.3107398865,0,1,1,0,0,0,0,0,0,0,0,0,0,0,0,0,0,0,1,0,0,0,0,0,0,0,0,0,0,0,0,0,1,0,0,0,0,0,0
283,70,8,33,37,27,12,4479,1222,94,557,483,307,156,2,2,5.4161004022,1,0,1,0,0,0,0,0,0,0,0,1,0,0,0,0,0,0,0,0,0,0,0,0,0,0,0,0,0,0,0,0,0,0,0,1,0,0,0
491,141,11,77,47,37,15,4291,1240,84,615,430,340,239,8,2,6.2633982626,1,0,1,0,0,1,0,0,0,0,0,0,0,0,0,0,0,0,0,0,0,0,0,0,0,0,0,0,0,0,0,0,0,0,0,0,1,0,0
199,52,9,26,28,21,6,805,191,30,113,119,87,235,22,5,5.579729826,0,1,0,1,0,0,0,0,0,0,0,0,0,0,1,0,0,0,0,0,0,0,0,0,0,0,0,0,1,0,0,0,0,0,0,1,0,0,0
589,149,21,89,86,64,7,3558,928,102,513,471,351,371,6,6,6.6688633707,1,0,1,0,0,0,0,0,0,0,0,0,0,0,0,0,0,0,0,0,0,0,0,0,0,0,0,1,0,0,0,0,1,0,0,0,0,0,0
327,84,22,53,62,38,10,4273,1123,212,577,700,334,483,48,6,6.6846117277,1,0,1,0,0,0,0,0,0,0,0,1,0,0,0,0,0,0,0,0,0,0,0,0,0,0,0,0,0,0,0,1,0,0,0,0,0,0,0
464,128,28,67,94,52,13,5829,1552,210,740,840,452,0,0,0,6.375876246,1,0,0,1,0,0,0,0,0,0,0,0,0,0,0,0,0,0,0,0,0,0,0,0,0,0,1,0,0,0,0,0,0,1,0,0,0,0,0
166,34,0,20,13,17,1,166,34,0,20,13,17,64,119,9,,0,1,1,0,0,0,0,0,0,0,0,0,0,0,0,0,0,1,0,0,0,0,0,0,0,0,0,0,0,0,0,0,0,0,0,0,0,1,0
338,92,18,42,60,21,3,682,185,36,88,112,50,0,0,0,4.9767337424,1,0,1,0,0,1,0,0,0,0,0,0,0,0,0,0,0,0,0,0,0,0,0,0,0,0,0,0,0,0,0,0,0,1,0,0,0,0,0
508,146,8,80,44,46,9,3148,915,41,571,289,326,245,5,9,,1,0,0,1,0,0,0,0,0,0,0,0,0,1,0,0,0,0,0,0,0,0,0,0,0,0,0,0,0,0,0,0,0,0,1,0,0,0,0
584,157,20,95,73,63,10,4704,1320,93,724,522,576,276,421,11,6.0402547113,1,0,1,0,0,0,0,0,0,0,0,1,0,0,0,0,0,0,0,0,0,0,0,0,0,0,0,0,0,1,0,0,0,0,0,0,0,0,0
216,54,2,27,25,33,1,216,54,2,27,25,33,317,36,1,4.3174881135,0,1,0,1,0,0,0,0,0,0,0,0,0,0,0,0,0,0,0,0,0,0,0,1,0,0,0,0,1,0,0,0,0,0,0,1,0,0,0
625,179,4,94,60,65,5,1696,476,12,216,163,166,303,450,14,6.3543700408,1,0,1,0,0,0,1,0,0,0,0,0,0,0,0,0,0,0,0,0,0,0,0,0,0,0,0,0,0,1,0,0,0,0,0,0,0,0,0
243,53,4,18,26,27,4,853,228,23,101,110,76,107,3,3,,0,1,1,0,0,0,0,0,0,0,0,0,0,0,0,0,0,0,0,0,0,1,0,0,0,0,0,0,0,0,0,0,0,0,0,1,0,0,0
489,131,19,77,55,34,7,2051,549,62,300,263,153,310,9,9,6.6592939197,1,0,0,1,0,0,0,0,0,0,0,0,0,0,0,0,0,0,0,1,0,0,0,0,0,0,0,0,0,0,0,0,0,0,0,0,1,0,0
209,56,12,22,36,19,2,216,58,12,24,37,19,201,6,3,4.4998096703,0,1,1,0,0,0,0,0,0,0,0,0,0,0,0,0,0,0,0,0,0,1,0,0,0,0,0,0,1,0,0,0,0,0,0,1,0,0,0
407,93,8,47,30,30,2,969,230,14,121,69,68,172,317,25,5.0106352941,0,1,0,1,0,0,0,0,0,0,0,0,0,0,1,0,0,0,0,0,0,0,0,0,0,0,0,0,0,0,0,0,0,0,0,0,0,1,0
490,148,14,64,78,49,13,3400,1000,113,445,491,301,0,0,0,6.551080335,1,0,1,0,0,0,0,0,0,0,0,0,0,0,0,0,0,0,1,0,0,0,0,0,0,0,0,0,0,0,0,0,0,1,0,0,0,0,0
209,59,6,20,37,27,4,884,209,14,66,106,92,415,35,3,,0,1,1,0,0,0,0,0,0,0,0,0,0,0,0,0,0,1,0,0,0,0,0,0,0,0,0,0,0,0,0,1,0,0,0,0,0,0,0
442,131,18,68,77,33,6,1416,398,47,210,203,136,233,7,7,6.3099182782,1,0,1,0,0,0,0,0,0,0,1,0,0,0,0,0,0,0,0,0,0,0,0,0,0,0,0,0,0,0,0,0,0,0,1,0,0,0,0
317,88,3,40,32,19,8,2543,715,28,269,270,118,220,16,4,,1,0,0,1,0,0,0,0,0,0,0,0,0,0,0,0,1,0,0,0,0,0,0,0,0,0,0,0,0,0,0,0,0,0,0,0,0,0,1
288,65,8,30,36,27,9,2815,698,55,315,325,189,259,30,10,6.4769723629,0,1,1,0,0,0,0,0,0,0,0,0,0,0,0,0,0,0,0,0,0,0,0,0,0,1,0,0,0,0,0,1,0,0,0,0,0,0,0
209,54,3,25,14,12,1,209,54,3,25,14,12,102,6,3,4.2195077052,1,0,0,1,0,0,0,0,0,0,0,0,0,1,0,0,0,0,0,0,0,0,0,0,0,0,0,0,0,0,0,0,0,0,0,1,0,0,0
303,71,3,18,30,36,3,344,76,3,20,36,45,468,47,6,4.605170186,0,1,1,0,0,0,0,0,0,0,0,0,0,0,0,0,0,0,0,0,0,0,0,0,0,1,0,0,0,0,0,1,0,0,0,0,0,0,0
330,77,19,47,53,27,6,1928,516,90,247,288,161,149,8,6,6.5072777124,0,1,0,1,0,0,0,0,0,0,0,0,0,0,1,0,0,0,0,0,0,0,0,0,0,0,0,0,0,0,0,0,0,0,0,0,1,0,0
504,120,28,71,71,54,3,1085,259,54,150,167,114,103,283,19,5.1647859739,1,0,1,0,0,0,0,0,0,0,0,0,0,0,0,0,0,0,1,0,0,0,0,0,0,0,0,0,0,0,1,0,0,0,0,0,0,0,0
258,60,8,28,33,18,3,638,170,17,80,75,36,358,32,8,4.9199809258,1,0,0,1,0,0,0,0,0,0,0,0,0,0,0,0,1,0,0,0,0,0,0,0,0,0,0,0,0,0,0,1,0,0,0,0,0,0,0
552,160,37,97,119,89,15,7292,1954,495,1347,1392,1354,78,220,6,7.6626243615,0,1,1,0,0,0,0,0,0,0,0,0,0,0,0,0,0,0,0,0,1,0,0,0,0,0,0,0,0,0,1,0,0,0,0,0,0,0,0
374,94,5,36,26,62,7,1968,519,26,181,199,288,756,64,15,6.7742238864,0,1,0,1,0,0,0,0,0,0,0,0,0,0,1,0,0,0,0,0,0,0,0,0,0,0,0,0,0,0,0,1,0,0,0,0,0,0,0
211,43,10,26,35,39,3,498,116,14,59,55,78,463,32,8,4.7874917428,1,0,0,1,0,0,0,0,0,0,0,0,0,0,0,0,0,0,0,1,0,0,0,0,0,0,0,0,0,0,0,1,0,0,0,0,0,0,0
299,75,6,38,23,26,3,580,160,8,71,33,44,212,1,2,4.9416424226,0,1,1,0,0,0,0,0,0,0,0,0,0,0,0,0,0,0,0,0,1,0,0,0,0,0,0,0,0,0,0,0,1,0,0,0,0,0,0
576,167,8,89,49,57,4,822,232,19,132,83,79,325,12,8,5.3471075307,0,1,1,0,0,0,0,0,0,0,0,0,0,0,0,0,0,1,0,0,0,0,0,0,0,0,0,0,0,0,0,0,1,0,0,0,0,0,0
381,110,9,61,45,32,7,3015,834,40,451,249,168,228,7,5,6.6846117277,0,1,1,0,0,0,0,0,0,0,0,0,0,0,0,0,0,0,1,0,0,0,0,0,0,0,0,0,0,0,0,0,0,0,0,1,0,0,0
288,76,7,34,37,15,4,1644,408,16,198,120,113,203,3,3,5.4806389233,0,1,0,1,0,0,0,0,0,0,0,0,0,0,0,0,0,0,0,0,0,0,1,0,0,0,0,0,0,0,0,0,0,0,0,1,0,0,0
369,93,9,43,42,49,5,1258,323,54,181,177,157,149,1,6,5.8579331545,1,0,1,0,0,1,0,0,0,0,0,0,0,0,0,0,0,0,0,0,0,0,0,0,0,0,0,0,0,0,0,0,0,0,1,0,0,0,0
330,76,12,35,41,47,4,1367,326,55,167,198,167,512,30,5,,0,1,0,1,0,0,0,0,0,1,0,0,0,0,0,0,0,0,0,0,0,0,0,0,0,0,0,0,1,0,0,0,0,0,0,0,0,0,0
547,137,2,58,47,12,2,1038,271,3,129,80,24,261,459,22,5.1647859739,1,0,0,1,0,0,0,0,1,0,0,0,0,0,0,0,0,0,0,0,0,0,0,0,0,0,0,0,0,0,0,0,0,0,0,0,0,1,0
572,152,18,105,49,65,2,978,249,36,168,91,101,325,13,3,5.2983173665,1,0,0,1,0,0,0,0,0,0,0,0,0,0,0,0,0,0,0,0,0,0,0,0,0,0,1,0,0,0,0,0,1,0,0,0,0,0,0
359,84,4,46,27,21,12,4992,1257,37,699,386,387,151,8,5,,0,1,0,1,1,0,0,0,0,0,0,0,0,0,0,0,0,0,0,0,0,0,0,0,0,0,0,0,0,0,0,0,0,0,0,0,1,0,0
514,144,0,67,54,79,9,4739,1169,13,583,374,528,229,453,15,7.5704432521,0,1,1,0,0,0,0,0,0,0,0,0,0,0,0,0,0,0,0,0,0,0,0,0,0,1,0,0,0,0,0,0,0,0,0,0,0,1,0
359,80,15,45,48,63,7,1493,359,61,176,202,175,682,93,13,6.551080335,0,1,0,1,1,0,0,0,0,0,0,0,0,0,0,0,0,0,0,0,0,0,0,0,0,0,0,0,0,0,0,1,0,0,0,0,0,0,0
526,163,12,88,50,77,4,1556,470,38,245,167,174,250,11,1,6.6200732065,1,0,0,1,0,0,0,0,0,0,0,0,0,0,0,0,0,0,0,0,0,0,0,0,1,0,0,0,0,0,0,0,0,0,1,0,0,0,0
313,83,9,43,41,30,14,5885,1543,104,751,714,535,58,141,23,6.1092475828,0,1,0,1,0,0,0,0,0,0,0,0,1,0,0,0,0,0,0,0,0,0,0,0,0,0,0,0,0,0,1,0,0,0,0,0,0,0,0
540,135,30,82,88,55,1,540,135,30,82,88,55,157,6,14,5.1474944768,1,0,0,1,0,0,0,0,0,0,0,0,0,0,0,0,0,0,0,0,0,0,0,0,0,0,1,0,0,0,0,0,0,0,0,0,1,0,0
437,123,9,62,55,40,9,4139,1203,79,676,390,364,82,170,15,7.1388669999,1,0,1,0,0,0,0,0,0,0,0,0,0,0,0,1,0,0,0,0,0,0,0,0,0,0,0,0,0,0,1,0,0,0,0,0,0,0,0
551,160,23,86,90,87,5,2235,602,75,278,328,273,1224,115,11,,1,0,0,1,0,0,0,0,0,0,0,0,0,0,0,0,0,0,0,0,0,0,0,0,0,0,1,0,1,0,0,0,0,0,0,0,0,0,0
237,52,0,15,25,30,24,14053,4256,160,2165,1314,1566,523,43,6,6.6200732065,0,1,0,1,0,0,0,0,0,1,0,0,0,0,0,0,0,0,0,0,0,0,0,0,0,0,0,0,1,0,0,0,0,0,0,0,0,0,0
236,56,6,41,19,21,5,1257,329,24,166,125,105,172,1,4,5.2470240722,1,0,1,0,0,0,0,0,0,0,0,1,0,0,0,0,0,0,0,0,0,0,0,0,0,0,0,0,0,0,0,0,0,0,0,1,0,0,0
473,154,6,61,48,29,6,1966,566,29,250,252,178,846,84,9,6.3630281035,1,0,1,0,0,0,0,0,0,0,1,0,0,0,0,0,0,0,0,0,0,0,0,0,0,0,0,0,1,0,0,0,0,0,0,0,0,0,0
309,72,0,33,31,26,5,354,82,0,41,32,26,117,269,12,4.8675344505,0,1,1,0,0,0,0,0,0,0,0,0,0,0,0,0,0,0,0,0,0,1,0,0,0,0,0,0,0,0,0,0,0,0,0,0,0,1,0
271,77,5,35,29,33,12,4933,1358,48,630,435,403,62,90,3,6.1092475828,1,0,0,1,0,0,0,1,0,0,0,0,0,0,0,0,0,0,0,0,0,0,0,0,0,0,0,0,0,0,0,0,0,0,0,0,0,0,1
357,96,7,50,45,39,5,1394,344,43,178,192,136,167,2,4,5.7037824747,1,0,0,1,0,0,0,0,0,0,0,0,0,0,0,0,1,0,0,0,0,0,0,0,0,0,0,0,0,0,0,0,0,0,1,0,0,0,0
216,56,4,22,18,15,12,2796,665,43,266,304,198,391,44,4,5.5214609179,1,0,1,0,0,0,0,0,0,0,0,0,0,0,0,1,0,0,0,0,0,0,0,0,0,0,0,0,0,0,0,1,0,0,0,0,0,0,0
256,70,13,42,36,44,16,7058,1845,312,965,1128,990,41,118,8,6.9565454432,0,1,1,0,0,0,0,0,1,0,0,0,0,0,0,0,0,0,0,0,0,0,0,0,0,0,0,0,0,0,1,0,0,0,0,0,0,0,0
466,108,33,75,86,72,3,652,142,44,102,109,102,286,8,8,5.3706380281,1,0,1,0,0,0,0,0,0,0,0,0,0,0,0,1,0,0,0,0,0,0,0,0,0,0,0,0,0,0,0,0,0,0,0,0,1,0,0
327,68,13,42,29,45,18,3949,939,78,438,380,466,659,53,7,5.9914645471,1,0,1,0,0,1,0,0,0,0,0,0,0,0,0,0,0,0,0,0,0,0,0,0,0,0,0,0,0,0,0,1,0,0,0,0,0,0,0
462,119,16,49,65,37,7,2131,583,69,244,288,150,866,65,6,,1,0,1,0,0,0,1,0,0,0,0,0,0,0,0,0,0,0,0,0,0,0,0,0,0,0,0,0,0,0,0,1,0,0,0,0,0,0,0
341,110,9,45,49,46,9,2331,658,50,249,322,274,251,9,4,6.3279367837,1,0,1,0,0,0,0,0,0,0,0,0,0,0,0,0,0,0,1,0,0,0,0,0,0,0,0,0,0,0,0,1,0,0,0,0,0,0,0
608,160,28,130,74,89,8,4071,1182,103,862,417,708,426,4,6,7.4205789054,1,0,1,0,0,0,0,0,0,0,0,0,0,0,0,0,0,0,1,0,0,0,0,0,0,0,0,0,0,0,0,0,1,0,0,0,0,0,0
419,101,18,65,58,92,20,9528,2510,548,1509,1659,1342,0,0,0,6.1892902904,1,0,0,1,0,0,0,1,0,0,0,0,0,0,0,0,0,0,0,0,0,0,0,0,0,0,0,0,0,0,0,0,0,1,0,0,0,0,0
393,90,17,73,49,64,11,4223,1056,139,618,551,514,205,5,4,,1,0,0,1,0,0,0,1,0,0,0,0,0,0,0,0,0,0,0,0,0,0,0,0,0,0,0,0,0,0,0,0,0,0,0,0,1,0,0
376,82,21,42,60,35,5,1770,408,115,238,299,157,0,0,0,6.0520891689,1,0,0,1,0,0,0,0,1,0,0,0,0,0,0,0,0,0,0,0,0,0,0,0,0,0,0,0,0,0,0,0,0,1,0,0,0,0,0
486,145,11,51,76,40,11,3967,1102,67,410,497,284,88,204,16,6.2146080984,0,1,1,0,0,0,0,0,0,0,0,0,0,0,0,0,0,0,1,0,0,0,0,0,0,0,0,0,0,0,1,0,0,0,0,0,0,0,0
186,44,7,28,16,11,1,186,44,7,28,16,11,99,3,1,,0,1,0,1,0,0,0,0,0,0,0,0,0,0,0,0,0,0,0,0,0,0,0,1,0,0,0,0,0,0,0,0,0,0,0,1,0,0,0
307,80,1,42,36,29,7,2421,656,18,379,198,184,145,2,2,,1,0,0,1,0,0,0,0,0,0,0,0,0,1,0,0,0,0,0,0,0,0,0,0,0,0,0,0,0,0,0,0,0,0,0,1,0,0,0
246,76,5,35,39,13,6,912,234,12,102,96,80,44,0,1,5.5214609179,1,0,1,0,0,0,0,0,0,0,0,0,0,0,0,0,0,0,0,0,0,0,0,0,0,0,0,1,0,0,0,0,0,1,0,1,0,0,0
205,52,8,31,27,17,12,5134,1323,56,643,445,459,155,3,2,5.9914645471,1,0,1,0,0,0,0,0,0,0,0,0,0,0,0,1,0,0,0,0,0,0,0,0,0,0,0,0,0,0,0,0,0,0,0,1,0,0,0
348,90,11,50,45,43,10,2288,614,43,295,273,269,60,176,6,6.1092475828,1,0,1,0,0,0,0,0,0,0,0,0,0,0,0,0,0,0,0,0,0,0,0,0,0,0,0,1,0,0,1,0,0,0,0,0,0,0,0
523,135,8,52,44,52,9,3368,895,39,377,284,296,367,475,19,6.6200732065,0,1,0,1,0,0,0,0,0,1,0,0,0,0,0,0,0,0,0,0,0,0,0,0,0,0,0,0,0,1,0,0,0,0,0,0,0,0,0
312,68,2,32,22,24,1,312,68,2,32,22,24,86,150,15,4.248495242,1,0,1,0,0,0,1,0,0,0,0,0,0,0,0,0,0,0,0,0,0,0,0,0,0,0,0,0,0,0,0,0,0,0,0,0,0,1,0
496,119,8,57,33,21,7,3358,882,36,365,280,165,155,371,29,6.7742238864,0,1,0,1,1,0,0,0,0,0,0,0,0,0,0,0,0,0,0,0,0,0,0,0,0,0,0,0,0,0,1,0,0,0,0,0,0,1,0
402,108,9,63,48,40,4,1034,278,16,135,125,79,190,2,9,5.2470240722,0,1,1,0,0,0,0,0,0,0,0,0,0,0,0,0,0,0,0,0,0,1,0,0,0,0,0,0,0,0,0,0,0,0,1,0,0,0,0
275,68,5,42,42,61,6,961,238,16,128,104,172,181,3,2,5.252273428,0,1,1,0,0,0,0,0,0,0,0,0,0,0,0,0,0,0,0,0,1,0,0,0,0,0,0,0,0,0,0,0,0,0,0,1,0,0,0
627,178,14,68,76,46,6,3146,902,74,494,345,242,309,492,5,6.6066501862,0,1,1,0,0,0,0,0,1,0,0,0,0,0,0,0,0,0,0,0,0,0,0,0,0,0,0,0,0,1,0,0,0,0,0,0,0,0,0
394,86,1,38,28,36,4,1089,267,3,94,71,76,203,369,16,5.5214609179,0,1,1,0,0,0,0,0,0,0,0,0,0,0,0,0,0,0,1,0,0,0,0,0,0,0,0,0,0,0,0,0,0,0,0,0,0,1,0
208,57,8,32,25,18,3,653,170,17,98,54,62,42,94,13,4.9416424226,0,1,1,0,0,0,0,0,0,0,0,0,0,0,0,0,0,0,0,0,1,0,0,0,0,0,0,0,0,0,1,0,0,0,0,0,0,0,0
382,101,16,50,55,22,1,382,101,16,50,55,22,200,7,6,4.579852378,1,0,0,1,0,0,0,0,0,0,0,0,0,0,0,0,0,0,0,0,0,0,0,0,0,0,1,0,0,0,0,0,0,0,0,1,0,0,0
459,113,20,59,57,68,12,5348,1369,155,713,660,735,0,0,0,6.6066501862,1,0,0,1,0,0,0,0,0,0,0,0,0,0,0,0,1,0,0,0,0,0,0,0,0,0,0,0,0,0,0,0,0,1,0,0,0,0,0
549,149,7,73,47,42,1,549,149,7,73,47,42,255,450,17,4.9416424226,0,1,0,1,0,0,0,0,0,0,0,0,0,0,0,0,0,0,0,0,0,0,0,1,0,0,0,0,0,1,0,0,0,0,0,0,0,0,0
288,63,3,25,33,16,10,2682,667,38,315,259,204,135,257,7,5.8338365785,1,0,0,1,0,0,0,1,0,0,0,0,0,0,0,0,0,0,0,0,0,0,0,0,0,0,0,0,0,1,0,0,0,0,0,0,0,0,0
303,84,4,35,32,23,2,312,87,4,39,32,23,179,5,3,,0,1,0,1,0,0,0,0,0,0,0,0,0,0,1,0,0,0,0,0,0,0,0,0,0,0,0,0,0,0,0,0,1,0,0,0,0,0,0
522,163,9,82,46,62,13,7037,2019,153,1043,827,535,352,9,1,6.907755279,1,0,1,0,0,0,0,0,0,0,0,0,0,0,0,1,0,0,0,0,0,0,0,0,0,0,0,0,0,0,0,0,1,0,0,0,0,0,0
512,117,29,54,88,43,6,1750,412,100,204,276,155,1236,98,18,4.605170186,1,0,0,1,0,0,0,0,0,0,0,0,0,1,0,0,0,0,0,0,0,0,0,0,0,0,0,0,1,0,0,0,0,0,0,0,0,0,0
220,66,5,20,28,13,3,290,80,5,27,31,15,281,21,3,4.4998096703,1,0,0,1,0,0,0,0,0,0,0,0,0,0,0,0,0,0,0,0,0,0,0,0,1,0,0,0,0,0,0,1,0,0,0,0,0,0,0
522,140,16,73,77,60,4,730,185,22,93,106,86,1320,166,17,5.2983173665,0,1,1,0,0,0,0,0,0,0,0,0,0,0,0,0,0,0,0,0,0,1,0,0,0,0,0,0,1,0,0,0,0,0,0,0,0,0,0
461,112,18,54,54,35,2,680,160,24,76,75,49,111,226,11,4.9052747784,1,0,0,1,0,0,0,0,0,0,0,0,0,0,0,0,0,0,0,0,0,0,0,0,0,0,1,0,0,0,1,0,0,0,0,0,0,0,0
581,145,17,66,68,21,2,831,210,21,106,86,40,320,465,32,5.0434251169,0,1,1,0,0,0,0,0,1,0,0,0,0,0,0,0,0,0,0,0,0,0,0,0,0,0,0,0,0,0,0,0,0,0,0,0,0,1,0
530,159,3,82,50,47,6,1619,426,11,218,149,163,196,354,15,6.163314804,1,0,0,1,0,0,0,0,0,0,0,0,0,0,0,0,0,0,0,0,0,0,0,0,0,0,1,0,0,0,0,0,0,0,0,0,0,1,0
557,142,21,58,81,23,18,8759,2583,271,1138,1299,478,1160,53,7,7.2793188354,0,1,0,1,0,0,0,0,0,0,0,0,0,0,0,0,0,0,0,0,0,0,1,0,0,0,0,0,1,0,0,0,0,0,0,0,0,0,0
439,96,0,44,36,65,4,711,148,1,68,56,99,229,406,22,5.0106352941,0,1,1,0,0,0,0,0,0,0,0,0,0,0,0,0,0,0,0,0,1,0,0,0,0,0,0,0,0,0,0,0,0,0,0,0,0,1,0
453,103,8,53,33,52,2,507,123,8,63,39,58,289,407,6,4.6539603502,1,0,0,1,0,0,0,0,0,0,0,0,0,0,0,0,1,0,0,0,0,0,0,0,0,0,0,0,0,1,0,0,0,0,0,0,0,0,0
528,122,1,67,45,51,4,1716,403,12,211,146,155,209,372,17,5.8579331545,1,0,0,1,0,0,0,0,0,0,0,0,0,0,0,0,0,0,0,0,0,0,0,0,1,0,0,0,0,0,0,0,0,0,0,0,0,1,0
633,210,6,91,56,59,6,3070,872,19,420,230,274,367,432,16,4.4998096703,0,1,0,1,0,0,0,0,0,0,0,0,0,0,1,0,0,0,0,0,0,0,0,0,0,0,0,0,0,1,0,0,0,0,0,0,0,0,0
425,112,11,40,58,24,11,4513,1134,224,542,727,230,247,4,8,,1,0,1,0,0,0,1,0,0,0,0,0,0,0,0,0,0,0,0,0,0,0,0,0,0,0,0,0,0,0,0,0,1,0,0,0,0,0,0
562,169,17,88,73,53,8,3181,841,61,450,342,373,351,442,17,6.2728770065,1,0,1,0,0,0,0,0,0,0,1,0,0,0,0,0,0,0,0,0,0,0,0,0,0,0,0,0,0,1,0,0,0,0,0,0,0,0,0
281,76,3,42,25,20,8,2658,657,48,324,300,179,106,144,7,5.8338365785,1,0,1,0,0,0,0,0,0,0,0,1,0,0,0,0,0,0,0,0,0,0,0,0,0,0,0,0,0,0,0,0,0,0,0,0,0,0,1
593,152,23,69,75,53,6,2765,686,133,369,384,321,315,10,6,6.8458798753,1,0,0,1,0,0,0,0,0,0,0,0,0,0,0,0,1,0,0,0,0,0,0,0,0,0,0,0,0,0,0,0,0,0,0,0,1,0,0
687,213,10,91,65,27,4,1518,448,15,196,137,89,294,445,13,5.8579331545,1,0,1,0,0,0,0,0,0,0,0,0,0,0,0,0,0,0,0,0,0,0,0,0,0,0,0,1,0,0,0,0,0,0,0,0,0,1,0
368,103,3,48,28,54,8,1897,493,9,207,162,198,209,246,3,5.7889413034,0,1,0,1,0,0,0,0,0,0,0,0,0,0,0,0,0,0,0,0,0,0,1,0,0,0,0,0,0,1,0,0,0,0,0,0,0,0,0
263,70,1,26,23,30,4,888,220,9,83,82,86,81,147,4,5.5214609179,0,1,1,0,0,0,0,0,0,0,0,0,0,0,0,0,0,1,0,0,0,0,0,0,0,0,0,0,0,0,0,0,0,0,0,0,0,0,1
642,211,14,107,59,52,5,2364,770,27,352,230,193,337,19,4,6.6066501862,0,1,0,1,0,0,0,0,0,0,0,0,0,0,0,0,0,0,0,0,0,0,1,0,0,0,0,0,0,0,0,0,0,0,0,0,1,0,0
265,68,8,26,30,29,7,1337,339,32,135,163,128,92,5,3,6.0520891689,0,1,0,1,1,0,0,0,0,0,0,0,0,0,0,0,0,0,0,0,0,0,0,0,0,0,0,0,0,0,0,0,0,0,0,1,0,0,0
289,63,7,36,41,44,17,7402,1954,195,1115,919,1153,166,211,7,,1,0,0,1,0,0,0,0,0,0,0,0,0,0,0,0,0,0,0,0,0,0,0,0,0,0,1,0,0,1,0,0,0,0,0,0,0,0,0
559,141,2,48,61,73,8,3162,874,16,421,349,359,352,414,9,6.8297937375,0,1,1,0,0,0,0,0,0,0,0,0,0,0,0,0,0,0,0,0,0,0,0,0,0,1,0,0,0,1,0,0,0,0,0,0,0,0,0
520,120,17,53,44,21,4,927,227,22,106,80,52,70,144,11,5.2203558251,1,0,0,1,0,0,0,0,1,0,0,0,0,0,0,0,0,0,0,0,0,0,0,0,0,0,0,0,0,0,1,0,0,0,0,0,0,0,0
432,114,12,46,57,37,9,3373,916,82,347,477,238,692,70,8,6.82437367,0,1,0,1,0,0,0,0,0,0,0,0,0,0,0,0,0,0,0,0,0,0,1,0,0,0,0,0,0,0,0,1,0,0,0,0,0,0,0
205,43,2,24,17,20,7,854,219,12,105,99,71,131,6,1,5.6583212634,0,1,1,0,0,0,0,0,0,0,0,0,0,0,0,0,0,0,0,0,0,0,0,0,0,1,0,0,0,0,0,0,0,0,0,1,0,0,0
193,47,10,21,29,24,6,1136,256,42,129,139,106,299,13,5,5.5012582105,1,0,0,1,0,0,0,0,0,0,0,0,0,0,0,0,1,0,0,0,0,0,0,0,0,0,0,0,0,0,0,1,0,0,0,0,0,0,0
181,46,1,19,18,17,5,937,238,9,88,95,104,37,98,9,,1,0,1,0,0,1,0,0,0,0,0,0,0,0,0,0,0,0,0,0,0,0,0,0,0,0,0,0,0,0,1,0,0,0,0,0,0,0,0
213,61,4,17,22,3,17,4061,1145,83,488,491,244,178,45,4,5.4595855141,1,0,0,1,0,0,0,0,0,0,0,0,0,0,0,0,0,0,0,0,0,0,0,0,0,0,1,0,0,0,0,0,0,0,0,0,0,0,1
510,147,10,56,52,53,7,2872,821,63,307,340,174,810,99,18,7.0475172214,0,1,1,0,0,0,0,0,0,0,0,0,0,0,0,0,0,0,0,0,0,1,0,0,0,0,0,0,0,0,0,1,0,0,0,0,0,0,0
578,138,1,56,59,34,3,1399,357,7,149,161,87,133,371,20,5.0751738152,0,1,1,0,0,0,0,0,0,0,0,0,0,0,0,0,0,0,0,0,0,0,0,0,0,1,0,0,0,0,1,0,0,0,0,0,0,0,0
200,51,2,14,29,25,23,9778,2732,379,1272,1652,925,398,29,7,,0,1,0,1,0,0,0,0,0,1,0,0,0,0,0,0,0,0,0,0,0,0,0,0,0,0,0,0,1,0,0,0,0,0,0,0,0,0,0
441,113,5,76,52,76,5,1546,397,17,226,149,191,160,290,11,6.0520891689,1,0,0,1,0,0,0,0,0,0,0,0,0,0,0,0,0,0,0,1,0,0,0,0,0,0,0,0,0,1,0,0,0,0,0,0,0,0,0
172,42,3,17,14,15,10,4086,1150,57,579,363,406,65,0,0,6.8023947633,0,1,0,1,0,0,0,0,0,0,0,0,1,0,0,0,0,0,0,0,0,0,0,0,0,0,0,0,0,0,0,0,0,0,0,1,0,0,0
580,194,9,91,62,78,8,3372,1028,48,604,314,469,270,13,6,,0,1,1,0,0,0,0,0,0,0,0,0,0,0,0,0,0,1,0,0,0,0,0,0,0,0,0,0,0,0,0,0,0,0,1,0,0,0,0
127,32,4,14,25,12,19,8396,2402,242,1048,1348,819,167,18,6,6.2146080984,0,1,0,1,1,0,0,0,0,0,0,0,0,0,0,0,0,0,0,0,0,0,0,0,0,0,0,0,0,0,0,0,0,0,0,0,0,0,1
279,69,4,35,31,32,4,1359,355,31,180,148,158,133,173,9,5.6258209332,0,1,1,0,0,0,0,0,0,0,0,0,0,0,0,0,0,0,1,0,0,0,0,0,0,0,0,0,0,1,0,0,0,0,0,0,0,0,0
480,112,18,50,71,44,7,3031,771,110,338,406,239,94,270,16,6.6200732065,0,1,1,0,0,0,0,0,0,0,0,0,0,0,0,0,0,1,0,0,0,0,0,0,0,0,0,0,0,0,1,0,0,0,0,0,0,0,0
600,139,0,94,29,60,2,1236,309,1,201,69,110,300,12,9,5.0751738152,0,1,1,0,0,0,0,0,0,0,0,0,0,0,0,0,0,0,0,0,0,0,0,0,0,1,0,0,0,0,0,0,0,0,1,0,0,0,0
610,186,19,107,98,74,6,2728,753,69,399,366,286,1182,96,13,7.1701195434,0,1,1,0,0,0,0,0,0,0,0,0,0,0,0,0,0,0,0,0,1,0,0,0,0,0,0,0,1,0,0,0,0,0,0,0,0,0,0
360,81,5,37,44,37,7,2268,566,41,279,257,246,170,284,3,6.2633982626,0,1,1,0,0,0,0,0,0,0,0,0,0,0,0,0,0,1,0,0,0,0,0,0,0,0,0,0,0,1,0,0,0,0,0,0,0,0,0
387,124,1,67,27,36,7,1775,506,6,272,125,194,186,290,17,6.3099182782,0,1,1,0,0,0,0,0,0,0,0,0,0,0,0,0,0,0,1,0,0,0,0,0,0,0,0,0,0,1,0,0,0,0,0,0,0,0,0
580,207,8,107,71,105,5,2778,978,32,474,322,417,121,267,19,7.3777589082,1,0,1,0,0,0,1,0,0,0,0,0,0,0,0,0,0,0,0,0,0,0,0,0,0,0,0,0,0,0,1,0,0,0,0,0,0,0,0
408,117,11,66,41,34,1,408,117,11,66,41,34,942,72,11,4.7874917428,0,1,0,1,0,0,0,0,0,0,0,0,0,0,0,0,0,0,0,0,0,0,0,1,0,0,0,0,1,0,0,0,0,0,0,0,0,0,0
593,172,22,82,100,57,1,593,172,22,82,100,57,1222,139,15,5.1059454739,1,0,0,1,0,0,0,1,0,0,0,0,0,0,0,0,0,0,0,0,0,0,0,0,0,0,0,0,1,0,0,0,0,0,0,0,0,0,0
221,53,2,21,23,22,8,1063,283,15,107,124,106,325,58,6,,0,1,1,0,0,0,0,0,0,0,0,0,0,0,0,0,0,1,0,0,0,0,0,0,0,0,0,0,1,0,1,0,0,0,0,0,0,0,0
497,127,7,65,48,37,5,2703,806,32,379,311,138,325,9,3,6.551080335,0,1,1,0,0,0,0,0,0,0,0,0,0,0,0,0,0,0,0,0,0,0,0,0,0,1,0,0,0,0,0,0,1,0,0,0,0,0,0
492,136,5,76,50,94,12,5511,1511,39,897,451,875,313,381,20,6.7742238864,1,0,1,0,0,0,0,0,0,0,0,0,0,0,0,0,0,0,1,0,0,0,0,0,0,0,0,0,0,1,0,0,0,0,0,0,0,0,0
475,126,3,61,43,52,6,1700,433,7,217,93,146,37,113,7,5.9532433343,1,0,0,1,0,0,0,0,1,0,0,0,0,0,0,0,0,0,0,0,0,0,0,0,0,0,0,0,0,0,1,0,0,0,0,0,0,0,0
573,144,9,85,60,78,8,3198,857,97,470,420,332,1314,131,12,6.8669332845,1,0,1,0,0,0,0,0,0,0,0,0,0,0,0,0,0,0,0,0,0,0,0,0,0,0,0,1,1,0,0,0,0,0,0,0,0,0,0
631,170,9,77,44,31,11,4908,1457,30,775,357,249,408,4,3,6.907755279,1,0,0,1,0,0,0,0,0,0,0,0,0,1,0,0,0,0,0,0,0,0,0,0,0,0,0,0,0,0,0,0,1,0,0,0,0,0,0
